symbol,series,52w_high,52w_high_date,52w_low,52w_low_date
BANKBETA,EQ,73.70,17-FEB-2026,51.30,02-APR-2026
BANKBETF,EQ,63.90,08-JUL-2026,50.71,02-APR-2026
BANKBINAV,EQ,-,-,-,-
BANKETF,EQ,628.27,19-FEB-2026,507.01,02-APR-2026
BANKIETF,EQ,63.90,17-FEB-2026,51.17,02-APR-2026
BANKINDIA,EQ,178.36,27-FEB-2026,111.33,05-SEP-2025
BANKNIFTY1,EQ,65.29,18-FEB-2026,51.71,02-APR-2026
BANKPSU,EQ,99.52,27-FEB-2026,68.50,05-SEP-2025
BANSALWIRE,EQ,374.00,04-SEP-2025,222.50,30-MAR-2026
BANSWRAS,EQ,144.00,19-JUN-2026,93.73,30-MAR-2026
BAPACK$,EQ,-,-,-,-
BARFLEX,SM,82.40,22-SEP-2025,50.05,20-JUL-2026
BARODARY$,EQ,-,-,-,-
BAROEXT$,EQ,-,-,-,-
BASANTGL$,EQ,-,-,-,-
BASF,EQ,4829.90,03-OCT-2025,3122.20,23-MAR-2026
BASILIC,SM,509.80,10-SEP-2025,164.00,17-AUG-2026
BASML,BE,31.90,27-NOV-2025,17.05,30-MAR-2026
BATAINDIA,EQ,1282.50,15-SEP-2025,605.00,30-MAR-2026
BATLIBOI,EQ,106.50,06-AUG-2026,71.21,08-JUN-2026
BAWEJA,ST,55.45,04-SEP-2025,21.10,30-MAR-2026
BAYERCROP,EQ,5489.00,19-SEP-2025,3935.00,02-SEP-2026
BAZELINTE$,BE,-,-,-,-
BBETF0432,EQ,1378.00,10-JUL-2026,1262.29,08-SEP-2025
BBL,EQ,3411.00,16-OCT-2025,2051.70,30-MAR-2026
BBNPNBETF,EQ,62.77,25-FEB-2026,50.03,30-MAR-2026
BBNPNBINAV,EQ,-,-,-,-
BBNPPGOLD,EQ,184.05,29-JAN-2026,101.45,03-SEP-2025
BBOX,EQ,1103.00,05-JUN-2026,435.05,05-SEP-2025
BBTC,EQ,2135.00,23-OCT-2025,1314.60,30-MAR-2026
BBTCL,EQ,262.00,17-AUG-2026,156.00,01-APR-2026
BCCFUBA$,EQ,-,-,-,-
BCCL$,SM,-,-,-,-
BCG,EQ,16.39,11-SEP-2025,7.70,31-JUL-2026
BCLIND,EQ,44.90,22-SEP-2025,25.53,23-MAR-2026
BCONCEPTS,EQ,449.00,24-SEP-2025,152.84,20-AUG-2026
BCPL,EQ,92.00,04-MAY-2026,60.00,27-MAR-2026
BDH$,EQ,-,-,-,-
BDI$,SM,-,-,-,-
BDL,EQ,1654.00,22-SEP-2025,1086.00,30-MAR-2026
BEACON,SM,124.80,08-MAY-2026,50.00,03-OCT-2025
BEARDSELL,EQ,38.60,25-SEP-2025,20.02,01-APR-2026
BECTORFOOD,EQ,299.00,04-SEP-2025,165.00,15-JUL-2026
BEDMUTHA,EQ,154.90,09-SEP-2025,94.55,01-APR-2026
BEEKAY,EQ,471.85,29-APR-2026,355.05,20-APR-2026
BEL,EQ,473.45,06-MAR-2026,368.50,05-SEP-2025
BELDING$,EQ,-,-,-,-
BELLACASA,EQ,497.35,15-OCT-2025,214.68,14-AUG-2026
BELRISE,EQ,268.20,12-AUG-2026,135.16,03-SEP-2025
BEMHY$,EQ,-,-,-,-
BEML,EQ,2275.75,24-OCT-2025,1355.00,30-MAR-2026
BENARA$,ST,-,-,-,-
BENARAS,EQ,10500.00,24-AUG-2026,9965.00,31-AUG-2026
BENCHMARK$,ST,-,-,-,-
BENGALASM,EQ,7268.00,05-JUN-2026,5845.85,20-APR-2026
BENGALS$,BE,-,-,-,-
BENGALT$,EQ,-,-,-,-
BENTCOM$,BE,-,-,-,-
BEPL,EQ,138.50,21-JUL-2026,74.20,09-MAR-2026
BERGEPAINT,EQ,594.55,21-NOV-2025,391.10,16-MAR-2026
BERLDRG$,EQ,-,-,-,-
BERVINL$,EQ,-,-,-,-
BERYLSE$,EQ,-,-,-,-
BESTAGRO,EQ,34.40,16-JAN-2026,12.30,30-MAR-2026
BESTEAST$,BE,-,-,-,-
BETA,EQ,2807.90,12-AUG-2026,990.10,25-FEB-2026
BETXIND$,EQ,-,-,-,-
BEWLTD,SM,159.30,08-SEP-2025,47.95,20-AUG-2026
BFINVEST,EQ,584.70,13-JUL-2026,315.00,30-MAR-2026
BFSI,EQ,29.94,16-FEB-2026,24.03,02-APR-2026
BFUTILITIE,EQ,898.70,23-SEP-2025,368.70,30-MAR-2026
BGDL$,EQ,-,-,-,-
BGIL$,EQ,-,-,-,-
BGRENERGY,BE,490.80,24-OCT-2025,185.05,03-SEP-2025
BGWTATO$,BE,-,-,-,-
BHADORA,ST,128.85,15-SEP-2025,49.50,30-MAR-2026
BHAGCHEM,EQ,316.90,03-AUG-2026,170.60,30-MAR-2026
BHAGERIA,BE,290.15,03-SEP-2026,127.51,30-MAR-2026
BHAGGAS$,BE,-,-,-,-
BHAGWOX$,EQ,-,-,-,-
BHAGYANGR,EQ,432.30,30-JUN-2026,88.10,08-SEP-2025
BHANDARI,EQ,4.52,03-SEP-2025,2.00,30-MAR-2026
BHANDERI$,ST,-,-,-,-
BHARAT$,EQ,-,-,-,-
BHARATAGR$,EQ,-,-,-,-
BHARATCOAL,EQ,45.09,19-JAN-2026,29.74,30-MAR-2026
BHARATFORG,EQ,2295.00,10-AUG-2026,1128.00,05-SEP-2025
BHARATGEAR,BE,154.20,29-SEP-2025,83.80,30-MAR-2026
BHARATRAS,EQ,2987.50,24-OCT-2025,1179.00,03-SEP-2026
BHARATROH$,SM,-,-,-,-
BHARATSE,EQ,263.18,13-JUL-2026,133.60,27-JAN-2026
BHARATWIRE,EQ,262.00,11-MAY-2026,148.01,30-MAR-2026
BHARTIARTL,EQ,2174.50,21-NOV-2025,1740.50,13-MAY-2026
BHARTIHEXA,EQ,1955.60,29-OCT-2025,1430.00,29-JUN-2026
BHASKAGR$,EQ,-,-,-,-
BHATIA$,EQ,-,-,-,-
BHAVIK$,SM,-,-,-,-
BHEL,EQ,446.50,17-JUL-2026,209.60,05-SEP-2025
BHILSPIN$,EQ,-,-,-,-
BHUDEVI$,EQ,-,-,-,-
BI,BE,111.51,19-AUG-2026,51.62,18-MAY-2026
BIBCL$,EQ,-,-,-,-
BIGBLOC,EQ,80.00,01-JAN-2026,38.00,30-MAR-2026
BIHSPONG$,EQ,-,-,-,-
BIKAJI,EQ,818.70,04-SEP-2025,584.20,03-SEP-2026
BIKEWO,ST,115.80,19-AUG-2026,13.65,06-OCT-2025
BIL,EQ,980.00,10-FEB-2026,602.00,21-JAN-2026
BILLWIN$,SM,-,-,-,-
BILVYAPAR,BE,14.70,25-SEP-2025,3.80,07-AUG-2026
BIMETAL,EQ,750.75,13-JUL-2026,537.90,18-MAY-2026
BINDALEXP$,ST,-,-,-,-
BINNYMILL$,BE,-,-,-,-
BIOCON,EQ,447.15,16-JUL-2026,337.05,30-SEP-2025
BIOFILCHEM,EQ,46.34,04-FEB-2026,25.60,30-MAR-2026
BIOGEN$,EQ,-,-,-,-
BIOPOL,SM,133.75,15-MAY-2026,39.50,03-SEP-2026
BIRDYS,SM,151.90,27-OCT-2025,84.10,19-AUG-2026
BIRET,RR,375.69,27-FEB-2026,312.05,24-NOV-2025
BIRLACABLE,BE,358.65,03-SEP-2026,104.00,30-MAR-2026
BIRLACORPN,EQ,1346.10,06-OCT-2025,769.60,16-MAR-2026
BIRLACOT$,BE,-,-,-,-
BIRLAMONEY,EQ,197.39,09-SEP-2025,95.00,30-MAR-2026
BIRLANU,EQ,2086.90,10-SEP-2025,1190.10,30-MAR-2026
BIRLAPREC,EQ,51.67,03-SEP-2026,32.25,24-APR-2026
BITS$,EQ,-,-,-,-
BIZOTIC$,SM,-,-,-,-
BKV$,EQ,-,-,-,-
BLACKBUCK,EQ,748.00,21-OCT-2025,496.00,22-MAY-2026
BLACKROSE,BE,129.90,23-JUN-2026,80.05,22-APR-2026
BLAL,EQ,233.80,09-SEP-2025,155.50,30-MAR-2026
BLBLIMITED,EQ,22.47,23-FEB-2026,12.00,13-JAN-2026
BLEL,EQ,548.00,20-AUG-2026,431.10,02-SEP-2026
BLIL,EQ,79.50,07-MAY-2026,67.00,12-JUN-2026
BLISSGVS,BE,665.00,03-SEP-2026,118.00,10-NOV-2025
BLKASHYAP,EQ,73.00,09-SEP-2025,40.32,30-MAR-2026
BLOIN$,EQ,-,-,-,-
BLS,EQ,373.50,04-SEP-2025,218.90,23-MAR-2026
BLSE,EQ,331.30,31-AUG-2026,124.30,09-MAR-2026
BLT$,ST,-,-,-,-
BLUECHIPT$,EQ,-,-,-,-
BLUECLOUDS,EQ,24.50,17-AUG-2026,19.61,02-SEP-2026
BLUECOAST,BE,71.47,24-SEP-2025,18.57,30-MAR-2026
BLUEDART,EQ,7036.00,30-OCT-2025,4628.50,08-JUN-2026
BLUEJET,EQ,759.50,08-SEP-2025,325.00,30-MAR-2026
BLUEPEBBLE,SM,195.00,17-SEP-2025,59.20,28-AUG-2026
BLUESTARCO,EQ,2040.00,04-SEP-2025,1432.50,02-SEP-2026
BLUESTONE,EQ,926.00,13-AUG-2026,399.80,17-FEB-2026
BLUEWATER,ST,502.95,02-SEP-2026,128.00,17-OCT-2025
BLUSPRING,EQ,136.67,24-AUG-2026,43.98,23-MAR-2026
BMAL$,SM,-,-,-,-
BMBMUMG$,BE,-,-,-,-
BMETRICS,SM,56.90,15-OCT-2025,31.05,31-AUG-2026
BMLL,SM,166.65,03-SEP-2026,101.50,03-JUN-2026
BMW$,EQ,-,-,-,-
BMWVENTLTD,EQ,78.00,01-OCT-2025,48.00,30-MAR-2026
BNAGROCHEM,EQ,394.80,01-JUN-2026,217.51,03-SEP-2026
BNALTD,BE,589.00,17-JUL-2026,310.40,01-JUN-2026
BNGOLDINAV,EQ,-,-,-,-
BNK10DINAV,EQ,-,-,-,-
BNKETFAXIS,EQ,647.82,19-FEB-2026,512.51,02-APR-2026
BNKETFINAV,EQ,-,-,-,-
BNKPSUINAV,EQ,-,-,-,-
BNRSEC$,EQ,-,-,-,-
BNRUDY$,EQ,-,-,-,-
BODALCHEM,EQ,159.99,03-SEP-2026,42.81,16-MAR-2026
BODHTREE$,EQ,-,-,-,-
BOHRAIND,EQ,26.91,03-SEP-2025,11.60,03-SEP-2026
BOMBCYC$,EQ,-,-,-,-
BOMBWIR$,EQ,-,-,-,-
BOMDYEING,EQ,195.45,11-SEP-2025,92.00,30-MAR-2026
BOMOXY-B1$,EQ,-,-,-,-
BOMTALKIE$,EQ,-,-,-,-
BONDADA$,SM,-,-,-,-
BONLON,EQ,57.00,11-MAY-2026,34.51,30-MAR-2026
BORANA,EQ,420.00,26-FEB-2026,211.00,04-SEP-2025
BOROLTD,EQ,397.95,24-SEP-2025,213.73,23-MAR-2026
BORORENEW,EQ,721.00,12-NOV-2025,374.40,30-MAR-2026
BOROSCI,EQ,180.80,29-JUN-2026,96.64,30-MAR-2026
BOSCH-HCIL,EQ,1808.90,03-SEP-2026,1021.30,30-MAR-2026
BOSCHLTD,EQ,50000.00,31-AUG-2026,28610.00,30-MAR-2026
BOSS,SM,57.20,21-AUG-2026,31.75,17-JUL-2026
BPAGRI$,EQ,-,-,-,-
BPCL,EQ,391.65,05-FEB-2026,266.60,02-APR-2026
BPL,EQ,91.28,04-SEP-2025,37.61,30-MAR-2026
BPLPHARMA,EQ,1649.00,27-AUG-2026,1125.70,17-AUG-2026
BRACEPORT,SM,98.80,26-DEC-2025,42.90,30-MAR-2026
BRADYM$,EQ,-,-,-,-
BRAHMINFRA,EQ,184.00,19-AUG-2026,151.20,24-AUG-2026
BRANDMAN,SM,243.80,23-FEB-2026,109.35,30-MAR-2026
BRGIL$,ST,-,-,-,-
BRIDGESE$,EQ,-,-,-,-
BRIGADE,EQ,802.01,31-OCT-2025,450.75,23-MAR-2026
BRIGHOTEL,EQ,88.27,16-SEP-2025,54.36,30-MAR-2026
BRIGHT$,SM,-,-,-,-
BRIGHTBR,EQ,270.00,24-AUG-2026,210.00,17-AUG-2026
BRIPORT$,EQ,-,-,-,-
BRISK$,ST,-,-,-,-
BRITANNIA,EQ,6336.00,04-SEP-2025,5035.00,04-JUN-2026
BRNL,EQ,26.50,24-NOV-2025,16.66,30-MAR-2026
BROACH$,SM,-,-,-,-
BROOKS,BE,163.90,15-SEP-2025,36.30,30-MAR-2026
BRPL$,EQ,-,-,-,-
BRRL$,SM,-,-,-,-
BSE,EQ,4446.80,27-MAY-2026,2021.50,26-SEP-2025
BSE500IETF,EQ,42.05,04-AUG-2026,34.50,02-APR-2026
BSHSL,EQ,147.69,04-SEP-2025,59.16,30-MAR-2026
BSL,EQ,205.00,13-NOV-2025,98.00,30-MAR-2026
BSLGOLDETF,EQ,155.99,29-JAN-2026,92.49,05-SEP-2025
BSLNIFTY,EQ,33.00,25-JUN-2026,25.70,30-MAR-2026
BSLSENETFG,EQ,87.82,05-DEC-2025,70.32,03-JUL-2026
BSOFT,EQ,474.00,11-FEB-2026,270.20,09-JUL-2026
BTML,EQ,10.50,18-SEP-2025,5.06,27-MAR-2026
BTTL,BE,58.23,14-JUL-2026,30.00,27-MAY-2026
BUILDPRO,EQ,1380.00,04-AUG-2026,636.00,27-JAN-2026
BULKCORP,ST,86.95,04-NOV-2025,38.05,27-MAY-2026
BURNPUR,EQ,21.39,11-AUG-2026,11.13,26-AUG-2026
BUTTERFLY,EQ,823.85,06-NOV-2025,565.80,21-JAN-2026
BVCL,EQ,69.99,09-SEP-2025,31.20,30-MAR-2026
BYKE,BE,76.73,08-SEP-2025,26.25,30-MAR-2026
C2C,SM,826.95,05-SEP-2025,204.50,19-AUG-2026
CADSYS,ST,74.40,13-OCT-2025,35.60,09-DEC-2025
CALCOM$,EQ,-,-,-,-
CALSOFT,BE,43.13,03-SEP-2026,10.90,06-APR-2026
CAMEXLTD$,EQ,-,-,-,-
CAMLINFINE,EQ,235.00,17-SEP-2025,96.21,30-MAR-2026
CAMPUS,EQ,297.00,04-SEP-2025,215.20,30-MAR-2026
CAMS,EQ,844.90,08-MAY-2026,611.40,23-MAR-2026
CANARYS,SM,35.20,18-NOV-2025,14.60,30-MAR-2026
CANBK,EQ,162.89,26-FEB-2026,105.61,05-SEP-2025
CANDOUR$,EQ,-,-,-,-
CANFINHOME,EQ,971.50,26-DEC-2025,733.00,12-SEP-2025
CANHLIFE,EQ,166.69,21-JUL-2026,106.00,17-OCT-2025
CANTABIL,EQ,321.50,06-FEB-2026,208.50,29-MAY-2026
CAPACITE,EQ,334.00,18-SEP-2025,180.00,16-MAR-2026
CAPILLARY,EQ,798.95,26-NOV-2025,464.25,27-MAR-2026
CAPINVIT,IV,79.99,18-NOV-2025,67.00,27-MAR-2026
CAPITALSFB,EQ,323.70,08-MAY-2026,206.55,30-MAR-2026
CAPLIPOINT,EQ,2877.30,03-SEP-2026,1500.30,30-MAR-2026
CAPPIPES$,EQ,-,-,-,-
CAPRO$,EQ,-,-,-,-
CAPTRUST,BE,34.07,14-OCT-2025,10.98,30-MAR-2026
CARBORUNIV,EQ,1306.90,19-JUN-2026,735.20,23-MAR-2026
CARERATING,EQ,1838.00,15-MAY-2026,1392.70,23-MAR-2026
CARGOSOL$,ST,-,-,-,-
CARGOTRAN$,SM,-,-,-,-
CARRARO,EQ,667.55,16-APR-2026,416.00,23-MAR-2026
CARTRADE,EQ,3290.50,17-NOV-2025,1600.00,30-APR-2026
CARYSIL,EQ,1280.90,15-JUL-2026,732.10,21-JAN-2026
CASHIEINAV,EQ,-,-,-,-
CASHIETF,EQ,1099.28,27-JUL-2026,1026.30,03-SEP-2025
CASPIAN$,EQ,-,-,-,-
CASTORA$,BE,-,-,-,-
CASTROLIND,EQ,210.75,17-SEP-2025,170.10,24-MAR-2026
CATVISION$,EQ,-,-,-,-
CBAZAAR,ST,6.55,21-JUL-2026,3.05,12-NOV-2025
CBPL$,SM,-,-,-,-
CCAVENUE,EQ,20.50,19-NOV-2025,12.92,30-MAR-2026
CCCL,EQ,28.87,17-SEP-2025,12.76,30-MAR-2026
CCDL$,BE,-,-,-,-
CCHHL,EQ,19.50,15-SEP-2025,10.03,30-MAR-2026
CCL,EQ,1242.20,13-JUL-2026,815.50,09-OCT-2025
CCLINTER$,EQ,-,-,-,-
CCME$,EQ,-,-,-,-
CDSL,EQ,1673.70,20-NOV-2025,1116.30,30-MAR-2026
CEATLTD,EQ,4438.00,23-OCT-2025,3061.20,11-JUN-2026
CEDAAR,ST,118.00,03-SEP-2025,12.55,21-AUG-2026
CEEJAY$,EQ,-,-,-,-
CEENIK$,BE,-,-,-,-
CEETAIN$,EQ,-,-,-,-
CEIGALL,EQ,405.70,30-JUN-2026,222.61,09-DEC-2025
CEINSYS,EQ,1249.90,20-APR-2026,675.00,03-SEP-2026
CELEBRITY,EQ,13.25,22-SEP-2025,5.65,30-MAR-2026
CELLA$,BE,-,-,-,-
CELLECOR,SM,43.85,11-MAY-2026,21.80,30-MAR-2026
CELLO,EQ,673.80,30-OCT-2025,336.60,24-JUL-2026
CELLPOINT,SM,21.10,27-JUL-2026,11.70,30-MAR-2026
CEMAINFRA$,EQ,-,-,-,-
CEMNTGROWW,EQ,16.27,06-AUG-2026,14.40,02-SEP-2026
CEMPRO,EQ,1649.20,21-JUL-2026,503.30,23-MAR-2026
CENLUB$,EQ,-,-,-,-
CENTENKA,EQ,671.65,29-JUL-2026,371.20,30-MAR-2026
CENTEXT,EQ,34.75,10-OCT-2025,15.67,30-MAR-2026
CENTRALBK,EQ,40.92,26-FEB-2026,29.32,02-JUN-2026
CENTRUM,EQ,38.50,17-SEP-2025,19.66,13-MAR-2026
CENTUM,EQ,3968.80,10-AUG-2026,2044.20,12-JAN-2026
CENTUPLE$,BE,-,-,-,-
CENTURYPLY,EQ,859.00,03-FEB-2026,618.50,23-MAR-2026
CERA,EQ,6740.00,22-JUN-2026,4461.10,16-MAR-2026
CEREBRAINT,BZ,10.08,17-OCT-2025,2.40,01-SEP-2026
CESC,EQ,204.50,04-MAY-2026,138.12,27-JAN-2026
CEWATER,EQ,555.80,04-SEP-2025,235.00,16-MAR-2026
CFEL,EQ,35.20,26-AUG-2026,24.36,18-AUG-2026
CFF$,SM,-,-,-,-
CGCL,EQ,272.75,03-SEP-2026,151.10,04-MAR-2026
CGPOWER,EQ,980.90,02-JUL-2026,525.50,27-JAN-2026
CGRAPHICS,SM,249.00,04-SEP-2025,122.00,22-MAY-2026
CGVAK,EQ,163.70,21-AUG-2026,127.00,17-AUG-2026
CHADPAP$,EQ,-,-,-,-
CHALET,EQ,1070.10,17-SEP-2025,691.35,30-MAR-2026
CHALLANI$,EQ,-,-,-,-
