exchange,symbol,isin,series,date,close,prev_close,volume,value,trades,sma20,sma50,sma200,avg_vol20,volume_ratio20,high20,high50,high60,low20,low50,low60,high252,low252,dist_52w_high_pct,dist_52w_low_pct,roc20_pct,roc50_pct,rsi14,atr14_pct,range_pct,close_vs_sma20_pct,close_vs_sma50_pct,close_vs_sma200_pct,sma20_slope20_pct,sma50_slope20_pct
BSE,1STCUS,INE609B01018,X,2026-09-28,63.9,64,513,32698,16,62.7185,63.5166,,148.3,3.4592,68,68.94,71.05,56.2,54.55,54.55,75.9,54.55,-15.8103,17.1402,8.2317,-5.9326,62.7778,5.4795,9.3023,1.8838,0.6036,,0.9472,-3.7169
BSE,20MICRONS,INE144J01027,B,2026-09-28,212.75,216.95,5658,1211404,201,214.1175,206.191,,10644.75,0.5315,231.9,233.7,233.7,194.45,182,182,233.7,178.5,-8.9645,19.1877,-3.9937,4.1361,40.2262,4.0104,4.598,-0.6387,3.181,,7.4941,2.974
NSE,20MICRONS,INE144J01027,EQ,2026-09-28,212.94,217.58,65358,14012530.64,2034,214.1625,206.21,,150648.05,0.4338,231.99,233.53,233.53,194.05,182,182,233.53,178,-8.8169,19.6292,-4.0811,4.0559,40.5059,4.1135,4.146,-0.5708,3.2637,,7.4719,2.9344
BSE,21STCENMGM,INE253B01015,B,2026-09-28,39.16,39.95,1084,42949,29,39.3435,39.7866,,699.05,1.5507,41.65,46.15,46.15,37.45,31.95,30.66,46.15,30.66,-15.1463,27.7234,-7.8371,22.5665,56.8528,2.4387,2.7835,-0.4664,-1.5749,,-7.1134,6.8389
NSE,21STCENMGM,INE253B01015,EQ,2026-09-28,39.64,39.87,5424,213866.1,40,39.0655,40.351,,3427.65,1.5824,41.84,46.49,46.49,37.36,33.16,30.6,46.49,30.6,-14.7344,29.5425,-3.6929,17.5563,64.978,2.656,2.9923,1.4706,-1.762,,-9.4448,7.1911
BSE,360ONE,INE466L01038,A,2026-09-28,1045.5,1069.45,16351,17210359,1376,1101.12,1136.807,,121795.4,0.1342,1199.95,1222,1222,1037.9,1037.9,1037.9,1222,1032,-14.4435,1.3081,-12.9077,-6.1701,31.2176,2.7372,2.9843,-5.0512,-8.0319,,-6.6592,-0.1774
NSE,360ONE,INE466L01038,EQ,2026-09-28,1045,1073,575628,605020316,39848,1100.96,1137.632,,956724.35,0.6017,1199.6,1222.9,1222.9,1037.1,1037.1,1037.1,1222.9,1031.3,-14.5474,1.3284,-12.9167,-6.1686,30.2366,2.92,3.0094,-5.0828,-8.1425,,-6.8428,-0.1611
BSE,3BBLACKBIO,INE994E01018,B,2026-09-28,1580.9,1463.5,15962,24752441,1578,1432.29,1319.535,,3220.35,4.9566,1597.95,1597.95,1597.95,1285,1111,1111,1597.95,1100.4,-1.067,43.6659,9.8801,26.4417,54.3345,4.8121,9.3326,10.3757,19.8074,,16.4643,7.7608
NSE,3BBLACKBIO,INE994E01018,EQ,2026-09-28,1584.8,1456.2,84310,131095243.6,10345,1431.315,1319.846,,20780.2,4.0572,1599,1599,1599,1283.2,1099.5,1099.5,1599,1099.5,-0.8881,44.1382,9.9639,26.7434,54.573,4.8537,8.37,10.7234,20.0746,,16.2537,7.7524
BSE,3BFILMS,INE0TE101010,M,2026-09-28,14.11,14.78,3000,42330,1,13.344,14.4776,,21900,0.137,15.6,17.29,20.33,11,11,11,25.8,11,-45.3101,28.2727,3.8263,-10.0701,66.7098,5.2597,0,5.7404,-2.5391,,-9.0977,-15.8318
BSE,3CIT,INE0R7D01018,M,2026-09-28,15.48,17.5,6000,90300,3,16.7375,,,5100,1.1765,20.36,,,13.02,,,20.36,13.02,-23.9686,18.894,-17.3518,,50.7641,10.5297,6.6116,-7.5131,,,,
BSE,3IINFOLTD,INE748C01038,T,2026-09-28,24.07,24.41,13755,331348,142,23.776,23.655,,60992.25,0.2255,26.4,27.78,27.78,21.3,18.32,17.3,27.78,16.26,-13.3549,48.032,1.7759,31.3865,61.9845,4.8282,2.9102,1.2365,1.7544,,-4.6596,11.3459
NSE,3IINFOLTD,INE748C01038,BE,2026-09-28,23.99,24.35,350615,8431736.25,599,23.769,23.6888,,293263.7,1.1956,26.27,27.8,27.8,21.7,18.33,17.31,27.8,16.25,-13.705,47.6308,0.587,31.0929,64.2857,4.353,2.9412,0.9298,1.2715,,-5.0228,11.3122
BSE,3MINDIA,INE470A01017,A,2026-09-28,33386.4,33942.35,128,4303518,92,33268.42,34325.79,,1130.2,0.1133,34998,37184,37184,31541.05,31541.05,31541.05,37184,31025.5,-10.213,7.6095,-3.2311,-4.2831,53.3465,2.69,2.2358,0.3546,-2.7367,,-4.8211,-1.382
NSE,3MINDIA,INE470A01017,EQ,2026-09-28,33415,33925,1497,50310515,1027,33267.75,34336.7,,4116.9,0.3636,35095,37300,37300,31500,31500,31500,37300,31010,-10.4155,7.7556,-2.9057,-4.1726,54.0521,2.9232,2.2871,0.4426,-2.6843,,-4.8589,-1.3741
BSE,3PLAND,INE105C01023,B,2026-09-28,31.9,30.32,116,3538,4,31.4005,31.7094,,2895.55,0.0401,35.15,35.25,37.84,30,28,28,37.84,28,-15.6977,13.9286,0.0314,-3.3333,49.8575,5.3224,5.2805,1.5907,0.6011,,-1.5859,-1.1497
NSE,3PLAND,INE105C01023,EQ,2026-09-28,30.83,30.99,1881,57395.15,60,31.549,31.7878,,7765.9,0.2422,34.88,34.88,34.88,28.51,28.51,28.51,37,28.51,-16.6757,8.1375,-2.867,-3.445,37.1094,5.7134,5.624,-2.279,-3.0131,,-1.2582,-0.9442
BSE,4THGEN,INE739B01039,XT,2026-09-28,6.41,6.41,80,512,2,6.1355,,,230.25,0.3474,7.6,,,4.81,,,8,4.81,-19.875,33.264,-19.7747,,61.9266,2.9418,0,4.474,,,,
BSE,5PAISA,INE618L01018,B,2026-09-28,305.3,308.75,3665,1120156,323,326.7,354.216,,3582.5,1.023,373.2,416.65,416.65,305,305,305,416.65,299.1,-26.7251,2.0729,-16.8573,-16.4934,23.6919,4.1528,1.2295,-6.5504,-13.8097,,-13.3835,-4.1328
NSE,5PAISA,INE618L01018,EQ,2026-09-28,305.15,308.9,14996,4597135.5,1438,326.4975,354.247,,44222.1,0.3391,370.75,416.95,416.95,303.55,303.55,303.55,416.95,299,-26.8138,2.0569,-17.1576,-16.5345,22.4603,3.2935,2.2566,-6.5383,-13.8595,,-13.5169,-4.1783
BSE,63MOONS,INE111B01023,A,2026-09-28,819.15,858.2,10057,8385462,823,854.455,819.943,,33800.6,0.2975,944.65,957.7,957.7,763.15,683.45,650.35,957.7,613.3,-14.467,33.5643,5.5334,13.2283,40.2799,5.8946,5.2112,-4.1319,-0.0967,,4.9016,9.0341
NSE,63MOONS,INE111B01023,EQ,2026-09-28,818.6,857.65,162896,135426522.7,7750,854.1975,819.922,,527921.45,0.3086,945,957.95,957.95,762.95,686,650,957.95,613.8,-14.5467,33.3659,5.4353,13.0429,40.0515,6.132,5.6983,-4.1674,-0.1612,,4.8751,9.0049
BSE,7NR,INE413X01035,XT,2026-09-28,6.86,6.61,36262,245418,130,6.8665,6.6586,,46571.6,0.7786,7.4,7.4,7.4,6.35,5.7,5.25,7.4,5.25,-7.2973,30.6667,5.3763,19.7208,43.4978,6.6743,7.2643,-0.0947,3.0247,,3.3722,7.856
BSE,7SEASL,INE454F01010,X,2026-09-28,96.23,97.02,15531,1459943,122,98.3285,85.2464,,56540.2,0.2747,112.89,112.89,112.89,85.17,70.25,69,112.89,69,-14.7577,39.4638,11.2357,37.0602,47.0105,8.2295,11.1,-2.1342,12.8845,,28.7882,12.6522
BSE,7TEC,INE856B01023,X,2026-09-28,33.95,34.13,4521,153002,105,33.647,33.921,,5250.9,0.861,35.9,42.79,42.79,32.2,31,31,43.99,31,-22.8234,9.5161,-1.6227,-3.3314,47.7064,4.5634,6.6118,0.9005,0.0855,,3.7239,-5.2666
BSE,A1L,INE911Z01025,T,2026-09-28,5.58,5.82,957273,5391158,1727,5.746,5.3786,,1737043.5,0.5511,6.91,6.91,7.3,4.9,4.53,4.53,9.82,4.53,-43.1772,23.1788,12.9555,-1.5873,55.5215,6.8484,7.5949,-2.889,3.7445,,16.7412,-8.7383
BSE,A2ZINFRA,INE619I01012,B,2026-09-28,14.6,14.68,2976,43574,128,15.365,15.1368,,19014.35,0.1565,17,17.85,17.85,14.33,11.6,11.6,17.85,11.6,-18.2073,25.8621,-12.154,13.0031,32.6087,4.1879,2.6099,-4.9788,-3.5463,,-3.5528,4.7051
NSE,A2ZINFRA,INE619I01012,EQ,2026-09-28,14.66,14.72,105726,1551752.03,358,15.3245,15.0958,,176350.25,0.5995,17,17.95,17.95,14.4,12,12,17.95,12,-18.3287,22.1667,-11.8461,14.1745,30.6338,4.4192,4.1667,-4.3362,-2.8869,,-3.5619,4.53
BSE,AAATECH,INE0D0U01013,B,2026-09-28,99.01,102.31,13951,1386858,781,92.8775,92.4924,,3939.95,3.5409,104,109,109,84.2,84.2,84.2,109,84.2,-9.1651,17.5891,8.2077,5.1173,59.5275,4.9779,3.8856,6.6028,7.0466,,0.0145,-1.2633
NSE,AAATECH,INE0D0U01013,EQ,2026-09-28,99.53,101.5,66484,6630280.05,2126,92.9035,92.535,,105536.35,0.63,105.9,105.9,105.9,83.8,83.8,83.8,105.9,83.8,-6.0151,18.7709,4.7353,11.3311,60.5606,5.3179,5.3401,7.1327,7.5593,,-0.3652,-1.0276
BSE,AADHARHFC,INE883F01010,A,2026-09-28,436.8,444.4,10938,4793332,466,463.58,481.089,,64301.8,0.1701,487.3,522,563,436,436,436,563,436,-22.4156,0.1835,-7.2808,-15.4553,29.1515,3.1176,1.9151,-5.7768,-9.206,,-5.0814,-4.7179
NSE,AADHARHFC,INE883F01010,EQ,2026-09-28,436.95,444.5,161832,70905265.05,12373,463.84,481.089,,345475.5,0.4684,488,524.45,563,435.05,435.05,435.05,563,435.05,-22.389,0.4367,-7.249,-15.5244,27.707,3.0487,1.655,-5.7973,-9.1748,,-5.0063,-4.7201
BSE,AADIIND,INE563D01013,X,2026-09-28,7.93,7.93,1000,7930,3,8.1975,8.4184,,2086.6,0.4792,8.8,9.4,9.66,7.56,7.56,7.56,10.55,7.56,-24.8341,4.8942,-5.5952,-12.8571,50.6667,2.477,0,-3.2632,-5.8016,,-4.2124,-4.6635
BSE,AAIL,INE864E01021,XT,2026-09-28,85.3,87.8,4971,441953,45,87.8865,99.1862,,3352.5,1.4828,93.1,128,128,80.26,80.26,80,128,80,-33.3594,6.625,-5.7459,-13.6902,42.7708,4.9121,10.2865,-2.943,-14.0001,,-15.5283,-0.5592
NSE,AAKASH,INE087Z01024,EQ,2026-09-28,8.8,8.92,91766,810532.33,351,8.832,8.8662,,139808.55,0.6564,9.98,9.98,9.98,8.18,8.06,8.06,10.6,8.06,-16.9811,9.1811,0.8018,-1.676,55.8011,5.4545,4.6512,-0.3623,-0.7467,,-0.1357,-0.7011
BSE,AANCHALISP,INE322R01022,XT,2026-09-28,67.35,65.28,6762,431892,44,65.781,69.7262,,6745.2,1.0025,68.7,88.6,103,61.2,61.2,61.2,127,53.2,-46.9685,26.5977,0.5674,-24.1554,49.8282,5.7917,9.1626,2.3852,-3.4079,,-6.3509,-16.4307
BSE,AAREYDRUGS,INE198H01019,B,2026-09-28,99.2,101.16,4009,398640,60,97.9655,87.682,,12304.8,0.3258,104.1,104.1,104.1,86.5,74.48,74.48,104.1,74.48,-4.707,33.1901,11.2607,28.3644,53.7379,3.9358,2.7281,1.2601,13.1361,,18.565,5.5034
NSE,AAREYDRUGS,INE198H01019,EQ,2026-09-28,99.53,101.57,50771,5077924.34,633,98.203,87.7486,,239954.85,0.2116,103.99,103.99,103.99,86.41,73.41,73.41,103.99,73.41,-4.2889,35.581,11.8189,32.8838,55.6288,4.1294,2.596,1.3513,13.4263,,18.6413,6.264
BSE,AARNAV,INE750R01016,T,2026-09-28,34.89,36.4,3088,108189,34,32.26,31.9452,,6994.25,0.4415,36.7,36.7,36.95,28.98,26.5,23.06,36.95,23.06,-5.5751,51.301,5.7914,23.3298,58.0402,5.0219,5.2632,8.1525,9.2183,,-0.5027,9.2682
NSE,AARNAV,INE750R01016,BE,2026-09-28,35.28,36.05,14424,512311.94,64,32.337,31.9518,,17197.1,0.8387,37.6,37.6,37.6,28.32,26.4,23.51,37.6,23.51,-6.1702,50.0638,4.8128,24.4884,66.6957,6.5071,9.781,9.101,10.4163,,-0.2098,9.4315
NSE,AARON,INE721Z01010,EQ,2026-09-28,121.62,124.11,10414,1272315.33,359,125.4235,130.7894,,16642.4,0.6258,142,154.8,154.8,115,111.15,111.15,154.8,111.15,-21.4341,9.4197,-9.8711,3.2954,46.2016,7.1628,3.9242,-3.0325,-7.0108,,-8.5825,2.2543
BSE,AARTECH,INE01C001026,T,2026-09-28,50.93,50.97,7845,395951,32,50.7265,49.1,,8718.1,0.8999,53.1,53.1,60.8,47.3,45.01,45.01,60.8,40.05,-16.2336,27.166,4.1513,7.4473,56.701,3.8049,4.5621,0.4012,3.7271,,4.8306,0.8292
NSE,AARTECH,INE01C001026,BE,2026-09-28,51.22,50.11,141032,7171851.13,149,50.546,49.0864,,42377.2,3.328,53.48,53.48,60.98,47.15,44.85,44.85,60.98,39.98,-16.0052,28.1141,4.1904,7.6503,58.8113,4.1362,4.8463,1.3334,4.3466,,3.894,0.7777
BSE,AARTIDRUGS,INE767A01016,B,2026-09-28,429.05,429.75,14114,6103453,795,427.6725,420.988,,11811.05,1.195,449.9,453.2,453.2,410,401.25,377.85,453.2,365,-5.3288,17.5479,2.4719,1.4423,53.6332,3.3879,3.7621,0.3221,1.915,,2.3354,3.8384
NSE,AARTIDRUGS,INE767A01016,EQ,2026-09-28,429.65,427.4,442110,191548169,11592,427.5075,420.953,,188804.45,2.3416,450.2,453.65,453.65,409.95,401,377.55,453.65,365,-5.2904,17.7123,2.652,1.7405,54.4781,3.5752,4.0103,0.5012,2.066,,2.2739,3.807
BSE,AARTIIND,INE769A01020,A,2026-09-28,476.35,489.1,17560,8434809,684,494.3025,503.006,,50203.15,0.3498,540,551.45,551.45,459.65,459.65,459.65,551.45,424.35,-13.6186,12.254,-11.8523,-3.4752,43.6474,3.2614,2.7667,-3.6319,-5.2993,,-4.9418,1.2347
NSE,AARTIIND,INE769A01020,EQ,2026-09-28,476.6,489.25,270786,130250245.9,13650,494.375,503.084,,556145.4,0.4869,540.6,551.75,551.75,459.55,459.55,459.55,551.75,424,-13.6203,12.4057,-11.7979,-3.5125,44.0254,3.157,2.5762,-3.5954,-5.2643,,-4.948,1.2335
BSE,AARTIPHARM,INE0LRU01027,A,2026-09-28,914,938.95,40967,38052385,1322,860.785,802.665,,56163.35,0.7294,962,962,962,765,652.3,652.3,962,604.1,-4.9896,51.2995,8.8743,29.5443,59.4132,4.6139,3.89,6.1821,13.8707,,6.7948,8.6613
NSE,AARTIPHARM,INE0LRU01027,EQ,2026-09-28,914,939.55,528118,490363985.95,29840,861.2325,802.969,,810695.15,0.6514,962,962,962,765,650.8,650.8,962,604.15,-4.9896,51.2869,8.7189,29.1143,59.0167,4.7386,3.9429,6.127,13.8276,,6.7679,8.6851
BSE,AARTISURF,INE09EO01013,T,2026-09-28,500,516.9,922,464358,42,520.6175,512.893,,2137.3,0.4314,559.9,680,680,485.05,370.9,365.35,680,355.3,-26.4706,40.7261,-7.4246,27.665,34.0358,5.0664,4.8567,-3.9602,-2.5138,,-8.014,12.2761
NSE,AARTISURF,INE09EO01013,BE,2026-09-28,499.25,515.7,12773,6382035.5,305,522.03,513.331,,16641.5,0.7675,554.9,677.7,677.7,487,374.3,361.6,677.7,355.2,-26.3317,40.5546,-7.8024,27.2623,36.4646,5.2786,6.1224,-4.3637,-2.7431,,-7.7449,12.4047
BSE,AARVI,INE754X01016,B,2026-09-28,136.05,138.3,3382,460132,156,140.8475,,,2136.4,1.583,153.95,,,130.6,,,163.9,130.6,-16.9921,4.173,-6.2048,,33.3333,2.4046,1.7279,-3.4062,,,,
NSE,AARVI,INE754X01016,EQ,2026-09-28,135.74,136.91,5827,792301.68,244,140.5835,148.547,,15211.85,0.3831,155.38,164.9,168.4,133.52,133.52,133.52,168.4,125.3,-19.3943,8.332,-4.5764,-8.8198,28.2782,2.8652,3.5575,-3.4453,-8.6215,,-7.9876,-1.4033
BSE,AASHKA,INE0EAX01014,M,2026-09-28,99.53,88.5,74000,7252310,34,81.777,,,10350,7.1498,102.8,,,67,,,102.8,66,-3.1809,50.803,38.2361,,63.4462,6.0836,25.3659,21.709,,,,
BSE,AASTAFIN,INE819K01014,X,2026-09-28,29.57,31.6,6633,193419,51,31.373,32.57,,5796.1,1.1444,33.99,38.4,38.7,28.44,28.44,28.44,40.4,28.44,-26.8069,3.9733,-7.1294,-20.0811,31.4003,6.1694,14.2757,-5.747,-9.2109,,-4.4569,-4.0558
BSE,AASTHA,INE2FMX01012,B,2026-09-28,39.31,72.74,344092,13338799,2079,77.013,80.8214,,124396.6,2.7661,94.56,140.25,140.25,36.99,36.99,36.99,140.25,36.99,-71.9715,6.272,-50.6218,-66.1704,27.2891,19.3535,7.867,-48.9567,-51.3619,,-0.0357,
NSE,AASTHA,INE2FMX01012,EQ,2026-09-28,39.3,72.72,2200477,85599443.3,13404,76.9765,80.7476,,1189032.8,1.8506,96,140.01,140.01,37.03,37.03,37.03,140.01,37.03,-71.9306,6.1302,-50.6343,-66.1615,27.1549,20.2744,7.8855,-48.9455,-51.3298,,0.024,
BSE,AAVAS,INE216P01012,A,2026-09-28,1283.7,1270.4,16660,21164252,1474,1283.9375,1342.819,,42459.95,0.3924,1340.4,1540,1540,1237.15,1237.15,1237.15,1542.9,1237.15,-16.7995,3.7627,0.5325,-13.3162,44.4219,2.6745,4.96,-0.0185,-4.4026,,-6.1322,-5.8591
NSE,AAVAS,INE216P01012,EQ,2026-09-28,1282.4,1267.7,88608,112912576.2,11538,1283.865,1342.686,,107973.65,0.8206,1342.6,1544.9,1544.9,1234.2,1234.2,1234.2,1544.9,1234.2,-16.9914,3.9054,0.541,-13.4332,43.8021,2.8178,5.096,-0.1141,-4.49,,-6.1248,-5.8865
BSE,AAYUSH,INE430R01023,X,2026-09-28,23.94,24.18,40634,972164,384,25.813,24.2334,,201790.85,0.2014,32.88,32.88,32.88,23.33,21.2,21.2,32.88,21.2,-27.1898,12.9245,-12.6277,-1.319,28.8396,6.6267,4.2553,-7.256,-1.2107,,12.3208,-0.4584
BSE,AAYUSHBULL,INE777X01017,M,2026-09-28,1302.65,1302.25,69750,90790587,462,1275.65,1244.619,,77593.75,0.8989,1350,1350,1350,1250,1150,1150,1350,1150,-3.5074,13.2739,1.4802,11.9981,71.9218,1.5238,0.9377,2.1166,4.6626,,2.1419,3.5428
BSE,ABAN,INE421A01028,T,2026-09-28,14.03,13.76,597,8375,4,14.421,15.6942,,5437.05,0.1098,15.29,20.03,20.03,13.73,13.73,12.86,20.03,12.86,-29.9551,9.098,-6.529,-7.3927,27.9188,2.5863,0,-2.7113,-10.6039,,-16.6826,
NSE,ABAN,INE421A01028,BE,2026-09-28,14.07,13.85,71063,1003058.26,185,14.4545,15.7554,,24113,2.9471,15.12,20.11,20.11,13.58,13.58,12.89,20.11,12.89,-30.0348,9.1544,-7.0059,-6.3249,34.413,3.4318,3.9764,-2.6601,-10.6973,,-17.1614,
BSE,ABANSENT,INE365O01028,B,2026-09-28,26.2,27.39,898,23773,169,27.2255,27.501,,1611.4,0.5573,29.4,33,33,25.58,25.3,25.3,33,25.3,-20.6061,3.5573,-3.9941,-5.5175,42.7273,4.6592,6.013,-3.7667,-4.7307,,-2.78,-1.3566
NSE,ABANSENT,INE365O01028,EQ,2026-09-28,26.84,27.18,12019,317451.42,265,27.411,27.4296,,7312.55,1.6436,29,32.79,32.79,25.65,25.05,25.05,32.79,25.05,-18.1458,7.1457,-4.1086,-4.9575,36.7067,4.918,5.896,-2.0831,-2.1495,,-1.1379,-0.8459
BSE,ABATEAS,INE454E01013,X,2026-09-28,8.11,8.29,17581,143273,63,8.5145,9.0648,,18098.4,0.9714,9.55,10.28,10.28,8,8,8,11.6,8,-30.0862,1.375,-10.8791,-15.4327,35.3591,8.235,5.1059,-4.7507,-10.5331,,-8.6623,-5.7694
BSE,ABB,INE117A01022,A,2026-09-28,6968.05,7057.9,11257,78346584,2267,7243.8375,7413.519,,17830.7,0.6313,7590.1,7893,7923.35,6903.05,6903.05,6725,7923.35,6651,-12.0568,4.767,-7.1546,-7.2145,29.7856,2.2744,1.916,-3.8072,-6.0089,,-4.6157,1.0344
NSE,ABB,INE117A01022,EQ,2026-09-28,6972.5,7052.5,209202,1455570715.5,25775,7260.05,7421.03,,180171.85,1.1611,7638.5,7894.5,7924.5,6905.5,6905.5,6715.5,7924.5,6653,-12.0134,4.8023,-7.1448,-7.1076,28.84,2.2819,1.8957,-3.9607,-6.044,,-4.4318,1.1209
BSE,ABBOTINDIA,INE358A01014,A,2026-09-28,26758.85,26935.8,429,11522034,228,26234.675,26959.43,,1042.85,0.4114,27490,29250,29250,25140.5,25140.5,25140.5,29250,25140.5,-8.5168,6.4372,1.7613,-4.4791,60.0979,2.0844,1.7474,1.998,-0.744,,-3.1572,-0.3218
NSE,ABBOTINDIA,INE358A01014,EQ,2026-09-28,26740,26955,5515,148237150,3466,26233.75,26957.5,,8154.35,0.6763,27490,28940,28940,25135,25135,25135,28940,25135,-7.6019,6.3855,2.1585,-4.6872,59.009,2.1998,2.4312,1.9298,-0.8068,,-3.1474,-0.3316
BSE,ABCAPITAL,INE674K01013,A,2026-09-28,381.05,390,74529,28513909,2110,395.57,401.77,,325158.45,0.2292,408.75,430.55,430.55,377.9,377.9,377.9,430.55,334.8,-11.4969,13.8142,-6.1453,-5.1525,36.7279,2.539,1.5879,-3.6707,-5.1572,,-3.4135,-0.0445
NSE,ABCAPITAL,INE674K01013,EQ,2026-09-28,382.7,390,1840670,703987565.35,32062,396.44,402.292,,2726935.25,0.675,410.05,430.7,430.7,378,378,378,430.7,334.8,-11.1446,14.307,-5.6343,-4.6943,39.7301,2.6615,2.114,-3.4658,-4.8701,,-3.3209,0.0408
BSE,ABCINDQ,INE125D01011,X,2026-09-28,59.47,60.05,281,17328,27,62.4065,63.7654,,1462.6,0.1921,69.55,69.55,69.55,58,58,58,69.8,58,-14.7994,2.5345,-7.0781,-9.6063,36.703,5.346,7.5701,-4.7054,-6.7363,,-3.6171,-1.7073
BSE,ABCOTS,INE08PH01015,B,2026-09-28,203,205.6,47,9459,17,208.6675,205.744,,11757.5,0.004,223.95,239,239,198,198,198,253.15,197.2,-19.8104,2.9412,0.2717,-0.123,39.3586,5.0334,4.0141,-2.716,-1.3337,,1.7878,-1.9473
NSE,ABCOTS,INE08PH01015,EQ,2026-09-28,200.15,203.07,2824,566529.46,195,207.0155,204.6756,,17139.55,0.1648,223.45,225,225,200,196.81,196.81,252.21,196.81,-20.6415,1.6971,-1.7428,-1.3553,32.1386,4.6219,2.45,-3.3164,-2.2111,,1.4389,-2.2681
BSE,ABDL,INE552Z01027,A,2026-09-28,722.8,715.2,156880,114303165,3869,639.6875,625.396,,579318.6,0.2708,753.6,753.6,753.6,587.4,581.4,581.4,753.6,560.5,-4.087,28.9563,18.6766,17.1475,88.7871,3.9623,2.5819,12.9927,15.5748,,4.5826,-0.5045
NSE,ABDL,INE552Z01027,EQ,2026-09-28,723.45,715.05,1807712,1316479254.85,49911,639.6525,625.37,,1084433.15,1.667,753.8,753.8,753.8,586.55,580,580,753.8,560,-4.0263,29.1875,18.5984,17.3384,87.6257,3.9108,2.6033,13.1005,15.6835,,4.5752,-0.5086
BSE,ABFRL,INE647O01011,A,2026-09-28,47.63,49.18,179511,8672219,2150,50.388,54.5426,,252592.1,0.7107,55.08,64.05,64.05,47.34,47.34,47.34,64.05,47.34,-25.6362,0.6126,-9.3453,-17.6521,23.9212,2.9708,4.6472,-5.4735,-12.6738,,-11.9268,-6.4793
NSE,ABFRL,INE647O01011,EQ,2026-09-28,47.59,49.14,3614922,174577633.6,17145,50.374,54.5408,,4522175.6,0.7994,55.11,64.1,64.1,47.25,47.25,47.25,64.1,47.25,-25.7566,0.7196,-9.3351,-17.7355,23.5902,2.7812,4.9735,-5.5267,-12.7442,,-11.9759,-6.4872
BSE,ABHICAP,INE516F01016,X,2026-09-28,145,133.5,2106,298502,109,113.3625,109.247,,446.3,4.7188,145.9,145.9,145.9,101.2,91.5,91,145.9,91,-0.6169,59.3407,40.982,33.0886,78.8039,6.9631,16.2087,27.9083,32.7268,,7.0316,1.9809
BSE,ABHIFIN,INE723C01015,X,2026-09-28,72,69.8,4,283,3,67.379,60.2466,,569.2,0.007,73.5,73.5,73.5,57.65,48.07,48.07,73.5,48.07,-2.0408,49.7816,19.2645,39.2111,61.252,5.375,3.1519,6.8582,19.5088,,21.2267,7.3604
BSE,ABHIINFRA,INE281P01016,X,2026-09-22,9.32,9.32,101,941,2,8.677,,,488.95,0.2066,9.32,,,8.04,,,9.5,7.99,-1.8947,16.6458,8.7515,,57.9186,2.0999,0,7.4104,,,0.1732,
BSE,ABINFRA,INE00YB01025,T,2026-09-28,12.42,12.55,20634,262898,53,11.6585,11.2428,,31073.35,0.664,12.98,14.41,14.41,10.71,8.9,8.9,14.41,8.83,-13.8099,40.6569,5.1651,23.7052,64.3045,5.3543,7.6285,6.5317,10.4707,,2.4473,3.8097
NSE,ABINFRA,INE00YB01025,BE,2026-09-28,12.38,12.58,261139,3213137.17,316,11.6505,11.2536,,332341.9,0.7858,12.8,14.44,14.44,10.61,9.78,9.78,14.44,8.82,-14.2659,40.3628,4.7377,22.8175,63.4615,5.0196,5.8333,6.2615,10.0092,,2.166,3.716
BSE,ABIRAFN,INE195I01013,Z,2026-09-28,32,32.5,81,2592,2,33.4845,32.705,,1147.4,0.0706,37.75,37.75,37.75,31,29.9,29.9,37.75,29.9,-15.2318,7.0234,-11.1111,-2.1407,27.5072,4.1228,0,-4.4334,-2.1556,,2.4288,1.0193
BSE,ABLBL,INE14LE01019,A,2026-09-28,77.27,78.73,44595,3458625,752,82.547,87.7222,,51775.3,0.8613,87.29,97.18,99.99,77,77,77,102.75,77,-24.7981,0.3506,-8.6859,-18.5603,3.0752,2.1686,2.1948,-6.3927,-11.9151,,-7.7754,-6.105
NSE,ABLBL,INE14LE01019,EQ,2026-09-28,77.17,78.72,397626,30856697.13,5426,82.5585,87.7242,,680304.3,0.5845,87.4,97.4,100.04,76.91,76.91,76.91,102.8,76.91,-24.9319,0.3381,-8.7825,-18.6657,1.6166,2.2464,2.5224,-6.5269,-12.0311,,-7.7677,-6.0905
NSE,ABMINTLLTD,INE251C01025,BE,2026-09-28,45.2,45.2,915,41358,5,51.6795,50.2918,,413.55,2.2125,57.22,72.8,72.8,45.2,39.15,39.15,72.8,39.15,-37.9121,15.4534,-21.3092,11.2478,0,1.6909,0,-12.5379,-10.1245,,-1.6967,9.1108
BSE,ABMKNO,INE850B01026,B,2026-09-28,172,174.05,414,72111,14,183.6325,192.028,,353.15,1.1723,227,238.8,238.8,154.3,154.3,154.3,238.8,154.3,-27.9732,11.4712,-7.651,-21.8004,36.5517,6.6217,4.6512,-6.3347,-10.4297,,-5.3087,
NSE,ABMKNO,INE850B01026,EQ,2026-09-28,175.13,174.07,1650,285095.85,49,179.8535,188.0738,,1219.9,1.3526,197,205,222.91,167.2,167.2,167.2,224.3,167.2,-21.9215,4.7428,-9.4421,-12.6316,32.5643,5.2251,3.3275,-2.6263,-6.8823,,-6.8864,-5.7131
BSE,ABREL,INE055A01016,A,2026-09-28,1191.45,1231.15,58430,69761356,1873,1289.0775,1358.02,,18974.35,3.0794,1400.3,1485,1485,1180.65,1180.65,1180.65,1485,1156.9,-19.7677,2.9864,-14.1266,-17.9668,22.2206,3.5731,4.1418,-7.5734,-12.2657,,-8.1297,-2.6419
NSE,ABREL,INE055A01016,EQ,2026-09-28,1191.5,1230.9,335640,400434616.8,15843,1288.46,1357.966,,172685.05,1.9437,1400.9,1486,1486,1181.2,1181.2,1181.2,1486,1155,-19.8183,3.1602,-14.0952,-17.7482,20.2681,3.6185,4.2161,-7.5253,-12.2585,,-8.1881,-2.6689
BSE,ABRFL,INE0ZDY01011,M,2026-09-22,35.26,35.5,1200,42312,1,39.0845,46.8468,,4440,0.2703,44.15,80.3,,35.26,35.26,,80.3,35.26,-56.0897,0,-4.4962,,19.945,3.4175,0,-9.7852,-24.7334,,-11.0462,
BSE,ABRIL,INE15MX01014,M,2026-09-28,30.23,30.89,32000,974200,15,32.6855,34.667,,11800,2.7119,34.98,39.99,,27.25,27.25,,39.99,27.25,-24.4061,10.9358,-13.3811,-17.0189,30.8668,5.255,6.2712,-7.5125,-12.7989,,-6.9293,
BSE,ABSLAMC,INE404A01024,A,2026-09-28,989.4,1014.7,119458,118169172,1413,1045.595,1029.04,,16835.6,7.0956,1115.8,1165,1194.5,980.2,975,975,1224.35,975,-19.1898,1.4769,-5.5691,-14.081,40.9859,4.0804,3.081,-5.3745,-3.8521,,2.7968,-4.2508
NSE,ABSLAMC,INE404A01024,EQ,2026-09-28,987.7,1014.5,141795,140312042.2,15544,1045.805,1029.314,,218091.45,0.6502,1116.9,1167.3,1193.1,980,973.3,973.3,1224.9,973.3,-19.3648,1.4795,-5.7448,-14.1578,41.0502,4.3615,3.5714,-5.556,-4.0429,,2.754,-4.2693
BSE,ABVL,INE485K01022,X,2026-09-28,4.01,4.08,102040,408856,266,4.505,4.8952,,159849.05,0.6384,5.1,5.9,6.25,3.78,3.78,3.78,6.25,3.78,-35.84,6.0847,-16.9772,-27.4864,20.354,8.8351,7.0886,-10.9878,-18.083,,-11.467,-8.6239
BSE,ACC,INE012A01025,A,2026-09-28,1213.3,1236.65,12898,15717867,1364,1252.01,1305.839,,9770.25,1.3201,1302.25,1413.5,1413.5,1212,1212,1212,1413.5,1212,-14.1634,0.1073,-7.1549,-11.9297,33.2724,1.7817,2.3927,-3.0918,-7.0866,,-6.0932,-3.1782
NSE,ACC,INE012A01025,EQ,2026-09-28,1213.5,1236.4,151619,184610795.4,11093,1251.855,1305.84,,124911.3,1.2138,1304,1413.9,1413.9,1210.8,1210.8,1210.8,1413.9,1210.8,-14.1736,0.223,-7.1111,-11.9184,31.746,1.893,2.1143,-3.0639,-7.0713,,-6.1131,-3.1819
BSE,ACCEDERE,INE578B01015,X,2026-09-28,49,48.98,1729,84222,35,52.445,63.1952,,3598.35,0.4805,63.09,91,91,46.6,46.6,46.6,91.42,46.6,-46.4012,5.1502,-19.4609,-12.2178,49.1089,7.7653,7.2961,-6.5688,-22.4625,,-29.1887,-10.4412
BSE,ACCEL,INE258C01038,X,2026-09-28,12.09,12.35,9798,117274,91,12.2995,12.3168,,14194.1,0.6903,14.9,14.9,14.9,11.03,10.31,10.31,14.9,10.31,-18.8591,17.2648,5.9597,-4.653,49.899,8.3008,10.6957,-1.7033,-1.8414,,0.7,-2.3003
BSE,ACCELERATE,INE0POP01017,MT,2026-09-17,137,133.63,1280,173203,2,107.2755,,,1856,0.6897,137,,,93.1,,,137,93.1,0,47.1536,42.7083,,75.6757,3.1809,2.5219,27.7086,,,,
BSE,ACCELYA,INE793A01012,B,2026-09-28,1101.4,1110,1058,1168955,201,1121.7375,1134.305,,604.4,1.7505,1149,1181.95,1181.95,1095.15,1095.15,1070.05,1181.95,1070.05,-6.815,2.9298,-3.369,-4.1427,28.7365,1.3778,2.5567,-1.813,-2.9009,,-1.4574,0.3225
NSE,ACCELYA,INE793A01012,EQ,2026-09-28,1099.9,1110,12881,14187508.8,1157,1121.56,1133.96,,5678.1,2.2685,1146.2,1180,1180,1088.1,1088.1,1085.9,1180,1085.9,-6.7881,1.2893,-3.0156,-4.423,27.7049,1.356,3.1063,-1.9312,-3.0036,,-1.429,0.333
BSE,ACCORDTS,INE132201018,M,2026-09-28,87.16,86.04,531000,48091350,175,67.6985,63.466,,147150,3.6086,96.99,96.99,96.99,61,51,51,96.99,51,-10.1351,70.902,38.1518,60.7228,78.5122,5.7612,15.4643,28.7473,37.3334,,7.1509,7.949
BSE,ACCURACY,INE648Z01023,T,2026-09-28,4.21,4.33,7943,33931,27,4.3475,4.586,,11316.05,0.7019,4.85,5.19,5.66,3.99,3.99,3.99,6.06,3.99,-30.5281,5.5138,-6.4444,-15.8,47.5862,6.6169,5.2885,-3.1627,-8.1989,,-6.836,-8.4229
NSE,ACCURACY,INE648Z01023,BE,2026-09-28,4.3,4.28,62583,265340.54,191,4.3515,4.6052,,62577.15,1.0001,4.73,5.1,5.49,4.06,4.06,4.06,5.94,4.06,-27.6094,5.9113,-6.5217,-11.7043,48.4848,5.6146,5.5825,-1.1835,-6.6273,,-7.2867,-7.8739
BSE,ACE,INE731H01025,A,2026-09-28,1213.05,1227.55,50815,61381415,3456,1164.9975,1124.977,,38154.3,1.3318,1267.05,1267.05,1267.05,984.3,957.55,957.55,1267.05,861,-4.2619,40.8885,6.3659,22.7411,75.7646,4.7595,2.3434,4.1247,7.8289,,3.2051,6.4696
NSE,ACE,INE731H01025,EQ,2026-09-28,1212.9,1226.6,230428,278871406,22380,1165.05,1125.058,,352830.95,0.6531,1268,1268,1268,1073.8,957.8,957.8,1268,861,-4.3454,40.8711,6.3388,22.8378,75.7889,3.3267,2.4134,4.1071,7.8078,,3.1903,6.4632
BSE,ACEALPHA,INE0S9X01011,M,2026-09-28,144,150.4,1000,144000,1,139.64,132.511,,10500,0.0952,151,151,151,131,116,115.05,151,115.05,-4.6358,25.163,11.6279,23.0243,62.9534,2.3487,0,3.1223,8.6702,,5.6518,
BSE,ACEEDU,INE715F01014,Z,2026-09-21,4.16,4.37,15,62,1,4.322,,,8830.4,0.0017,4.79,,,3.68,,,4.79,3.68,-13.1524,13.0435,-5.8824,,54.7619,4.9107,0,-3.7483,,,,
BSE,ACEENGITEC,INE035401020,XT,2026-09-25,92.15,97,325,29948,1,99.1785,,,314.55,1.0332,128,,,86.45,,,128,86.45,-28.0078,6.5934,-28.0078,,37.0826,2.2053,0,-7.0867,,,,
NSE,ACEINTEG,INE543V01017,EQ,2026-09-28,17.02,17.58,2277,38526.31,68,17.5215,18.1758,,3811.65,0.5974,19.8,20.38,22.89,16.6,16.6,16.6,24.29,16.6,-29.93,2.5301,-2.4083,-16.1989,44.1441,6.186,8.012,-2.8622,-6.359,,-3.6698,-7.2739
BSE,ACEMEN,INE023R01018,X,2026-09-28,116.8,114.25,40866,4790954,120,116.1575,111.4646,,51113.1,0.7995,127.95,127.95,127.95,107,92,90.5,127.95,90.5,-8.7143,29.0608,-3.3113,19.1837,49.5951,6.5466,7.4123,0.5531,4.7866,,2.3414,7.5255
BSE,ACESOFT,INE849B01010,XT,2026-09-28,199.75,202.05,27927,5478564,110,202.06,179.454,,36513.7,0.7648,213.8,213.8,213.8,188.65,123.95,107.3,213.8,107,-6.5716,86.6822,5.0763,46.337,51.1915,5.5122,5.0442,-1.1432,11.3099,,14.8492,23.9897
BSE,ACFSL,INE218P01018,MT,2026-09-28,79.5,75.91,1200,95400,1,69.87,,,2160,0.5556,82.09,,,57.36,,,82.09,35.91,-3.1551,121.3868,17.534,,55.9107,4.1321,0,13.7827,,,,
BSE,ACGL,INE451C01013,B,2026-09-28,1689.65,1753.9,417,711029,79,1760.9575,1893.054,,446.05,0.9349,1929,2350.1,2403,1685.2,1685.2,1685.2,2403,1685.2,-29.6858,0.2641,-5.3576,-26.7472,36.4259,4.4024,3.7859,-4.0494,-10.7448,,-5.7249,-9.9015
NSE,ACGL,INE451C01013,EQ,2026-09-28,1695.9,1737.8,686,1173184,147,1759.705,,,869.6,0.7889,1961.9,,,1683,,,1961.9,1683,-13.5583,0.7665,-5.3944,,35.4757,4.7358,5.7635,-3.6259,,,,
BSE,ACHYUT,INE0K1401020,B,2026-09-28,6.46,6.79,128308,838466,257,6.836,6.9142,,43418.45,2.9551,7.2,7.5,8.81,6.46,6.42,6.42,10.04,5.94,-35.6574,8.7542,-7.0504,-4.579,28.8136,4.7435,6.192,-5.5003,-6.5691,,-2.1612,-6.6683
BSE,ACI,INE128X01021,A,2026-09-28,482.1,481.95,21882,10456742,601,480.2225,507.823,,180922.45,0.1209,513.9,604.45,604.45,447.55,447.55,447.55,604.45,447.55,-20.2415,7.7198,-0.5979,-12.3455,36.7083,3.2425,2.9767,0.391,-5.0653,,-5.5976,-3.8334
NSE,ACI,INE128X01021,EQ,2026-09-28,482.75,482.55,188120,90058128,9113,480.2375,507.781,,423345.1,0.4444,513.6,604.25,604.25,446,446,446,604.25,446,-20.1076,8.2399,-0.32,-12.2911,37.6279,3.4638,2.7657,0.5232,-4.9295,,-5.5808,-3.8386
BSE,ACIIN,INE167B01025,XT,2026-09-28,2.48,2.53,58058,143983,66,2.4865,2.0844,,521605.25,0.1113,2.89,2.89,2.89,2.25,1.2,1.2,2.89,1.11,-14.1869,123.4234,-2.7451,79.7101,48.3333,1.9873,0,-0.2614,18.9791,,24.0459,29.8368
BSE,ACKNIT,INE326C01017,X,2026-09-28,306,327.25,464,145102,24,323.8925,320.446,,619.65,0.7488,352.8,357,357,301,294.25,285.65,357,266.5,-14.2857,14.8218,-8.1081,-0.049,40.3387,6.4507,4.5752,-5.5242,-4.5081,,0.6643,3.4949
BSE,ACL,INE666E01020,B,2026-09-28,40.01,42.68,9416,380015,177,42.8355,45.2712,,2076.65,4.5342,46,50.9,51.32,39.44,39.44,39.44,58.7,39.44,-31.8399,1.4452,-9.2949,-18.4634,29.5428,4.5042,5.7302,-6.5962,-11.6215,,-7.4307,-6.7611
NSE,ACL,INE666E01020,EQ,2026-09-28,39.94,42.63,67332,2714173.8,810,42.8045,45.242,,14659.25,4.5931,44.94,49.9,51.69,39.51,39.51,39.51,56.35,39.51,-29.1216,1.0883,-9.5152,-18.5064,27.0968,4.0203,8.6813,-6.6921,-11.7192,,-7.4037,-6.7194
BSE,ACLD,INE0T3401029,M,2026-09-28,149.35,148.4,10200,1530870,17,152.485,147.305,,28260,0.3609,166,166,166,144.6,129.95,129.95,172.3,129.95,-13.3198,14.9288,1.3573,0.9122,45.3642,4.1346,2.1893,-2.0559,1.3883,,6.9132,-0.5838
BSE,ACME,INE636B01011,Z,2026-09-28,29.79,29.49,2824,80787,19,28.498,29.1144,,1225.3,2.3047,29.99,31.58,31.96,26.8,26.8,26.8,32.48,26.8,-8.282,11.1567,2.3711,-0.0336,67.0038,5.1599,6.6904,4.5337,2.3205,,-3.035,-2.3793
BSE,ACMESOLAR,INE622W01025,A,2026-09-28,438.5,442.2,67353,29683272,1701,421.585,394.398,,193796.85,0.3475,476.4,476.4,476.4,383,345.85,345.85,476.4,325.25,-7.9555,34.8194,11.5067,13.837,60.7264,4.649,4.3157,4.0122,11.1821,,10.4717,5.084
NSE,ACMESOLAR,INE622W01025,EQ,2026-09-28,437.9,442.9,1868409,823001328.7,55004,421.6075,394.482,,2955862.9,0.6321,476.9,476.9,476.9,382.9,344.7,344.7,476.9,325.1,-8.1778,34.697,11.2268,13.6665,60.6452,4.7075,4.4196,3.8644,11.0063,,10.4415,5.0828
BSE,ACML,INE427V01013,M,2026-09-25,32,32.35,22000,703750,22,32.1605,,,3800,5.7895,37.75,,,29.5,,,37.75,29.5,-15.2318,8.4746,-1.3867,,50,4.3281,7.7419,-0.4991,,,-2.7664,
BSE,ACROW,INE950D01012,X,2026-09-28,776,798,137,107103,8,774.0375,826.493,,81.55,1.68,800,910,,742.35,742.35,,910,742.35,-14.7253,4.5329,-2.3899,-13.0532,47.0159,2.5055,4.9862,0.2535,-6.1093,,-9.1375,
BSE,ACSTECH,INE366C01021,T,2026-09-28,82.9,84.59,34619,2869915,71,63.1625,52.8352,,104995.65,0.3297,84.59,84.59,84.59,50,38.06,38.06,84.59,32.08,-1.9979,158.4165,60.1932,98.658,88.9071,5.0379,0,31.2488,56.903,,29.6093,18.0759
NSE,ACSTECH,INE366C01021,BE,2026-09-28,82.7,84.38,69463,5744590.1,158,62.9405,52.6832,,315549.85,0.2201,84.38,84.38,84.38,50,39.15,39.15,84.38,31.71,-1.991,160.801,60.3335,99.662,89.3872,4.3729,0,31.3939,56.976,,29.5485,17.9751
BSE,ACTIVE,INE380Z01015,B,2026-09-28,99.9,102.25,6621,662646,79,105.385,110.444,,5166.9,1.2814,116.45,129.95,135.05,97,97,97,144,97,-30.625,2.9897,-10.564,-15.7318,20.5634,4.8835,6.9388,-5.2047,-9.5469,,-6.1472,-5.23
BSE,ACUTAAS,INE00FF01025,A,2026-09-28,3213.3,3272,8596,27592162,1464,3264.8675,3281.779,,23289.35,0.3691,3509.5,3699.85,3735,3121.05,3027,3027,3735,2960,-13.9679,8.5574,-2.0962,-11.1071,51.5111,4.228,2.8095,-1.5795,-2.0866,,0.8284,-2.3675
NSE,ACUTAAS,INE00FF01025,EQ,2026-09-28,3214.4,3272.5,202322,649619951.5,32752,3266.07,3282.116,,322399.45,0.6276,3509.9,3700,3740,3120,3025,3025,3740,2960.2,-14.0535,8.5873,-2.0478,-11.1897,51.5557,4.325,2.7887,-1.582,-2.0632,,0.8628,-2.3757
BSE,ADANIENSOL,INE931S01010,A,2026-09-28,1286.65,1339.4,64301,84250195,4468,1383.0575,1529.829,,159083.15,0.4042,1599,1789,1789,1282.65,1282.65,1282.65,1789,1282.65,-28.0799,0.3119,-18.5665,-25.3163,32.9596,3.7265,3.8592,-6.9706,-15.8958,,-13.3391,-5.1249
NSE,ADANIENSOL,INE931S01010,EQ,2026-09-28,1287.9,1338.5,1230234,1608832228,31106,1381.17,1530.174,,3639926.15,0.338,1592.9,1789,1789,1283,1283,1283,1789,1283,-28.0101,0.3819,-18.5595,-25.2351,35.1664,3.1951,4.2868,-6.753,-15.8331,,-13.6196,-5.1716
BSE,ADANIENT,INE423A01024,A,2026-09-28,2827,2914.95,51880,147752035,5182,2953.3825,3007.847,,79047.2,0.6563,3168,3212,3245,2815,2815,2815,3245,2815,-12.8814,0.4263,-10.7075,-10.5422,40.5085,2.8422,3.8366,-4.2792,-6.0125,,-2.6101,-1.9952
NSE,ADANIENT,INE423A01024,EQ,2026-09-28,2831.1,2916.5,1259525,3582588050.9,67068,2950.17,3008.616,,2058383.7,0.6119,3165,3213.5,3245,2811,2811,2811,3245,2811,-12.755,0.715,-10.6486,-10.4281,41.571,2.9184,4.0199,-4.036,-5.9003,,-2.8835,-2.0367
BSE,ADANIGREEN,INE364U01010,A,2026-09-28,1237.75,1293,111677,139572943,6115,1283.565,1332.213,,92811,1.2033,1339.5,1558.4,1631.35,1217.95,1217.95,1217.95,1631.35,1217.95,-24.1273,1.6257,-5.4214,-18.2599,38.7571,2.9682,5.6541,-3.5694,-7.0907,,-3.953,-6.9037
NSE,ADANIGREEN,INE364U01010,EQ,2026-09-28,1235,1296.6,1819424,2274518160.9,55306,1284.505,1333.398,,1456751.7,1.249,1339.7,1558.7,1631.5,1214.9,1214.9,1214.9,1631.5,1214.9,-24.3028,1.6545,-5.7971,-18.4226,41.1608,2.9809,5.6952,-3.854,-7.3795,,-4.0279,-6.8803
BSE,ADANIPORTS,INE742F01042,A,2026-09-28,1741.6,1784,46198,81096123,3317,1735.7725,1723.412,,412020.3,0.1121,1812.3,1857,1883.6,1624.1,1624.1,1624.1,1891.8,1624.1,-7.9395,7.2348,2.1406,-5.2036,57.3121,2.2065,3.3448,0.3357,1.0553,,2.8021,-2.0163
NSE,ADANIPORTS,INE742F01042,EQ,2026-09-28,1743.7,1788,1262576,2210702829.7,48338,1737.265,1724.698,,2424491,0.5208,1824,1857.4,1883.5,1593.1,1593.1,1593.1,1891.1,1593.1,-7.7944,9.4533,2.1201,-5.0996,56.5309,2.3935,3.1786,0.3704,1.1018,,2.7739,-1.9842
BSE,ADANIPOWER,INE814H01029,A,2026-09-28,196.3,203,1542446,305858019,18432,205.675,207.918,,1261378.4,1.2228,216.1,222.5,228.9,195.4,195.4,195.4,236.2,195.4,-16.8925,0.4606,-7.6235,-8.4635,41.3333,2.9128,4.1198,-4.5582,-5.5878,,-0.815,-3.2404
NSE,ADANIPOWER,INE814H01029,EQ,2026-09-28,196.14,202.75,22266269,4412334388.65,107750,205.5175,208.0152,,19135713.4,1.1636,216.1,222.5,228.94,195.36,195.36,195.36,236.25,195.36,-16.9778,0.3993,-7.7553,-8.5381,40.8703,2.9436,4.2383,-4.5629,-5.7088,,-1.0798,-3.2594
BSE,ADARSHPL,INE627D01016,X,2026-09-28,25.85,26.25,3340,82457,33,26.475,28.0366,,1857.3,1.7983,28.15,33.95,33.95,23,23,23,33.95,23,-23.8586,12.3913,-4.3301,-14.6865,45.3913,6.4769,10.1224,-2.3607,-7.7991,,-7.5836,-4.8555
BSE,ADCINDIA,INE833A01016,XT,2026-09-28,2354.95,2387.5,619,1433793,69,2353.3575,2313.236,,821.45,0.7535,2486,2527.75,2527.75,2213.85,2004.2,2004.2,2599,2004.2,-9.3902,17.5007,-1.9588,-0.0912,44.0359,3.2451,7.4156,0.0677,1.8033,,0.4889,0.0613
BSE,ADCON,INE805Q01028,X,2026-09-28,0.54,0.54,294489,158027,180,0.501,0.5036,,257496.25,1.1437,0.61,0.61,0.61,0.46,0.46,0.46,0.77,0.46,-29.8701,17.3913,10.2041,1.8868,71.4286,7.8042,13.7255,7.7844,7.228,,0.0999,-4.2221
BSE,ADCOUNTY,INE0W1601012,M,2026-09-28,78.83,80.8,30400,2410048,27,86.1655,85.6678,,23120,1.3149,99.43,99.43,102,78,73,73,107.85,73,-26.9077,7.9863,-11.427,-11.9021,35.3351,5.7574,5.0641,-8.5133,-7.9818,,2.1523,-5.3831
BSE,ADDIND,INE757C01021,B,2026-09-25,80.5,78.5,12,966,3,81.388,82.8766,,377.1,0.0318,93.5,104.4,104.4,70.4,70,70,106.03,70,-24.0781,15,-5.9909,-1.925,57.5311,8.0213,0,-1.0911,-2.8676,,-4.5263,-1.5512
NSE,ADDIND,INE757C01021,EQ,2026-09-28,77.5,77.2,537,41465.84,14,78.9515,,,741.65,0.7241,90,,,72,,,94.6,71.05,-18.0761,9.0781,-7.7381,,43.859,8.3539,11.1111,-1.8385,,,,
BSE,ADESHWAR,INE0H8J01015,M,2026-09-28,16.93,16.89,24000,392160,4,15.945,,,13800,1.7391,17.5,,,13,,,18.99,13,-10.8478,30.2308,5.4829,,54.416,9.7629,7.619,6.1775,,,,
BSE,ADFFOODS,INE982B01027,B,2026-09-28,266.5,269.65,1807,483163,72,268.4275,273.716,,5685.45,0.3178,278.9,319.8,330.65,249.2,249.2,249.2,346.95,249.2,-23.1878,6.9422,-2.9497,-10.6754,50.1406,3.8368,2.7485,-0.7181,-2.6363,,0.1119,-5.6961
NSE,ADFFOODS,INE982B01027,EQ,2026-09-28,266.6,270.6,33736,9011966.85,1478,268.13,273.573,,99551.95,0.3389,279.65,319.6,330.75,248.8,248.8,248.8,346.95,248.8,-23.159,7.1543,-2.8603,-10.8659,50.3386,3.7884,1.7716,-0.5706,-2.5489,,0.0373,-5.7451
BSE,ADHBHUTIN,INE578L01014,X,2026-09-28,12.76,13.25,2120,27079,15,13.3965,14.018,,1025.6,2.0671,14.98,16.63,16.63,11.95,11.95,11.95,16.63,11.95,-23.2712,6.7782,-8.8571,-8.3333,36.1644,5.0884,6.6023,-4.7512,-8.9742,,-8.0637,-2.124
BSE,ADINATH,INE207C01019,X,2026-09-28,22.86,22.13,561,12724,15,22.3145,21.4328,,1812.7,0.3095,23.65,23.65,23.65,20,19.12,19.12,23.65,19.12,-3.3404,19.5607,9.0649,7.5765,49.1741,6.3086,7.9535,2.4446,6.659,,6.1458,1.9008
BSE,ADISHAKTI,INE0CWK01019,M,2026-09-28,6.11,6.13,50000,311900,5,6.7595,8.8128,,61000,0.8197,7.5,14.14,14.8,6.06,5.76,5.76,15.45,5.76,-60.4531,6.0764,-8.806,-53,48.494,9.0133,5.5738,-9.6087,-30.669,,-22.8456,
BSE,ADITYA,INE570B01012,X,2026-09-28,8.99,8.39,1074,9411,14,8.462,8.633,,2644.7,0.4061,10,10,10,7.75,7.75,7.75,10,7.75,-10.1,16,-4.3617,2.7429,51.5789,6.4596,7.1514,6.2397,4.1353,,-2.4047,-2.22
BSE,ADITYASP,INE122D01026,X,2026-09-28,14.32,15,934,13392,37,14.535,15.4582,,1343.6,0.6951,16.25,16.9,16.9,13.19,13.19,13.19,18.25,13.19,-21.5342,8.5671,-9.71,-11.5503,49.1054,5.3422,8.6169,-1.4792,-7.3631,,-9.8073,-3.1441
BSE,ADL,INE0CHO01012,B,2026-09-28,72.95,70.05,631,44574,83,72.5555,71.7782,,1262.75,0.4997,85,85,,64,62,,85,62,-14.1765,17.6613,-4.6405,6.9335,52.6821,6.5691,11.9403,0.5437,1.6325,,0.7226,
NSE,ADL,INE0CHO01012,EQ,2026-09-28,72.17,69.81,689,48859.27,82,72.255,71.8542,,886.6,0.7771,83,83,83,66,66,66,83,66,-13.0482,9.3485,1.7769,-1.6624,50.6093,7.2992,15.7576,-0.1176,0.4395,,0.3089,1.2057
BSE,ADLINE,INE276T01018,P,2026-09-24,15.04,14.33,400,6016,2,12.495,,,700,0.5714,15.09,,,10.63,,,15.09,10.63,-0.3313,41.4864,4.5897,,80.8392,3.3957,0,20.3681,,,,
BSE,ADMACH,INE0XLO01010,MT,2026-09-28,458.35,475,4200,1913280,7,435.4725,406.551,,6750,0.6222,482.95,482.95,482.95,377.2,369.25,264,482.95,264,-5.0937,73.6174,18.2839,16.2587,61.3722,3.931,1.9391,5.2535,12.7411,,14.1901,14.3597
BSE,ADMANUM,INE556D01017,X,2026-09-28,52.29,50.6,1611,80634,22,52.4465,54.0996,,1489.65,1.0815,56.98,62.49,64.8,48.6,48.6,48.6,67.5,48.6,-22.5333,7.5926,-4.9273,-11.4629,41.0574,5.1936,8.1633,-0.2984,-3.3449,,-4.0689,-5.5108
BSE,ADON,INE1SME01017,M,2026-09-28,89.75,90.05,92000,8361540,41,91.5515,87.3816,,125200,0.7348,113.2,113.2,113.2,77,75.25,75.25,113.2,75.25,-20.7155,19.2691,4.3726,3.2321,62.406,9.1524,7.5525,-1.9677,2.7104,,7.9591,
BSE,ADOR,INE045A01017,B,2026-09-28,1607.65,1633,2492,4029622,328,1626.3775,1563.862,,2992.35,0.8328,1765,1765,1765,1486.1,1380,1270.35,1765,1097.95,-8.915,46.4229,-1.7449,15.9711,42.893,3.0717,4.9425,-1.1515,2.8,,5.0805,9.3609
NSE,ADOR,INE045A01017,EQ,2026-09-28,1611.7,1638.9,34159,55201730.3,4571,1626.22,1564.378,,42977.75,0.7948,1766.4,1766.4,1766.4,1487.1,1376.5,1272.1,1766.4,1092.6,-8.7579,47.5105,-1.4612,16.4439,44.0703,3.483,4.8671,-0.8929,3.025,,5.0184,9.3469
BSE,ADROITINFO,INE737B01033,B,2026-09-28,13.5,13.22,37785,513953,179,11.335,10.4168,,16874.65,2.2392,14.15,14.15,14.15,10.2,8.91,8.5,14.15,8.5,-4.5936,58.8235,29.3103,54.2857,78.2847,6.0847,6.1162,19.1001,29.5983,,12.831,9.5905
NSE,ADROITINFO,INE737B01033,EQ,2026-09-28,13.51,13.18,230079,3142682.06,1018,11.321,10.4344,,90640,2.5384,14.29,14.29,14.29,9.76,8.66,8.36,14.29,8.36,-5.4584,61.6029,29.4061,52.8281,80.888,7.1111,4.6177,19.3357,29.4756,,12.3951,9.688
BSE,ADSL,INE102I01027,B,2026-09-28,116.3,115.5,348521,42242281,3766,101.365,108.505,,33151.1,10.5131,127.3,127.3,129.5,93.6,93.6,93.6,137.85,93.6,-15.6329,24.2521,9.5104,-2.6371,70.2186,4.6739,12.3566,14.7339,7.184,,-9.449,-7.3976
NSE,ADSL,INE102I01027,EQ,2026-09-28,116.66,115.52,5747156,694516442.75,75146,101.415,108.534,,479296.1,11.9908,126.2,126.2,129.75,94.02,94.02,94.02,137.64,94.02,-15.2427,24.08,9.839,-2.4092,70.9021,4.3711,11.1894,15.0323,7.4871,,-9.4351,-7.3765
BSE,ADTECH,INE257C01014,X,2026-09-28,40.6,45.02,15750,635062,176,47.675,51.1862,,9164.35,1.7186,54.9,59.85,64.9,37.6,37.6,37.6,70,37.6,-42,7.9787,-19.9685,-26.5823,28.328,9.9789,14.3617,-14.8401,-20.6817,,-9.6209,-7.8666
BSE,ADVAIT,INE0ALI01010,B,2026-09-28,1866.1,1906,5908,11060138,710,2046.11,2136.034,,6238.15,0.9471,2260.4,2444.2,2444.2,1852.1,1852.1,1852.1,2485.7,1852.1,-24.9266,0.7559,-15.3965,-10.2535,20.9612,3.505,3.577,-8.7977,-12.6372,,-5.4487,-3.326
NSE,ADVAIT,INE0ALI01010,EQ,2026-09-28,1867.4,1906,48498,91101754,7757,2046.925,2136.094,,41278.2,1.1749,2244.9,2442,2442,1851.5,1851.5,1851.5,2485,1851.5,-24.8531,0.8588,-15.1375,-10.4536,20.5807,3.5565,4.1264,-8.7705,-12.5788,,-5.3528,-3.3204
BSE,ADVANCE,INE1B0W01010,B,2026-09-28,121.4,123,16189,1996145,202,115.6975,117.776,,15895.5,1.0185,125.6,141.7,141.7,107,107,106.35,141.7,94.5,-14.326,28.4656,3.7607,6.7722,56.0049,4.1745,3.8017,4.9288,3.077,,-4.5577,1.7626
NSE,ADVANCE,INE1B0W01010,EQ,2026-09-28,121.5,123.12,359371,44258473.95,4999,115.703,117.7714,,212364.9,1.6922,125.66,141.5,141.5,106.5,106.5,106.31,141.5,93.77,-14.1343,29.5724,3.8906,6.8978,56.2888,4.5362,4.1957,5.0102,3.166,,-4.5339,1.7701
BSE,ADVANCETL,INE13ZJ01010,M,2026-09-28,71.25,67.86,45600,3244296,32,65.9685,,,29580,1.5416,76.99,,,57.95,,,94,51,-24.2021,39.7059,-5.8412,,62.3074,5.3444,2.0335,8.0061,,,-9.3472,
BSE,ADVANIHOTR,INE199C01026,B,2026-09-28,48.17,48.02,1815,87115,193,48.5365,49.922,,2847.6,0.6374,51.93,53.99,54.04,46.85,46.85,46.85,55.4,46.85,-13.0505,2.8175,-3.2148,-7.3654,41.0351,3.7813,4.7769,-0.7551,-3.5095,,-3.8176,-3.4402
NSE,ADVANIHOTR,INE199C01026,EQ,2026-09-28,48.13,47.94,11732,561847.66,414,48.491,49.8738,,20116.4,0.5832,50.49,53.6,54,46.75,46.75,46.75,54.93,46.75,-12.3794,2.9519,-3.7592,-7.264,40.275,2.9919,1.9992,-0.7445,-3.4964,,-3.824,-3.4636
BSE,ADVENTHTL,INE28GN01010,B,2026-09-28,124.8,127.6,9668,1202010,209,130.3875,137.927,,6170,1.5669,142.05,154.3,164,123,123,123,164,118.1,-23.9024,5.6732,-12.6662,-16.4938,33.264,3.6601,3.2114,-4.2853,-9.5174,,-7.4593,-3.9552
NSE,ADVENTHTL,INE28GN01010,EQ,2026-09-28,124.62,126.95,85910,10694791.43,1835,130.402,138.035,,131303.85,0.6543,143,154.35,164,122.88,122.88,122.88,164,120.02,-24.0122,3.8327,-12.7311,-16.4913,35.2394,4.0363,3.6051,-4.434,-9.7185,,-7.5904,-3.9329
BSE,ADVENZYMES,INE837H01020,B,2026-09-28,283.85,291.45,10191,2905620,537,293.665,303.338,,8108.05,1.2569,310.65,343,343,281.35,281.35,281.35,384.95,281.35,-26.2632,0.8886,-5.2728,-11.587,34.4432,2.8662,2.9047,-3.3422,-6.4245,,-4.4666,-4.955
NSE,ADVENZYMES,INE837H01020,EQ,2026-09-28,283.15,291.15,177014,50635779.5,5231,293.5325,303.234,,216250.15,0.8186,311,343,343,282,282,282,386.35,282,-26.7115,0.4078,-5.5537,-11.6812,33.6303,3.0007,3.2624,-3.5371,-6.6233,,-4.4871,-4.9432
BSE,ADVIKCA,INE178T01024,B,2026-09-28,0.96,0.98,97134,94264,85,1.0435,1.163,,204026.35,0.4761,1.2,1.38,1.38,0.86,0.86,0.86,1.38,0.86,-30.4348,11.6279,-19.3277,-22.5806,26.6667,6.4732,4.1667,-8.0019,-17.4549,,-14.8858,-7.5811
NSE,ADVIKCA,INE178T01024,EQ,2026-09-28,0.97,0.98,152190,147793.58,245,1.0385,,,398399.1,0.382,1.26,,,0.91,,,1.27,0.91,-23.622,6.5934,-18.4874,,25.9259,7.2165,2.0833,-6.5961,,,,
BSE,ADVLIFE,INE900E01015,X,2026-09-28,30,30.03,350,10882,2,28.819,29.8306,,405.5,0.8631,32.02,33.98,,25.92,25.3,,33.98,25.3,-11.7128,18.5771,-4.4586,12.8244,53.8767,4.2262,5.1,4.098,0.5679,,-5.8464,
BSE,ADVPETR-B,INE334N01018,XT,2026-09-28,750.65,714.95,1021,761975,101,498.2825,322.826,,846.6,1.206,750.65,750.65,,308.3,156,,750.65,156,0,381.1859,155.6274,191.8546,100,4.3096,4.9934,50.6475,132.5246,,146.5646,
BSE,AEGEUS,INE0WR901013,M,2026-09-28,125.2,125.75,64800,8026200,28,129.905,,,78060,0.8301,154.5,,,111,,,173.75,111,-27.9424,12.7928,-6.8452,,47.3921,7.6364,7.438,-3.6219,,,,
BSE,AEGISLOG,INE208C01025,A,2026-09-28,1308.6,1367.1,49044,65235745,3259,1332.185,1329.273,,80258.95,0.6111,1528,1528,1528,1180.45,1180.45,1164.8,1528,749,-14.3586,74.713,1.4733,-2.9876,54.6086,5.3604,4.8702,-1.7704,-1.5552,,-0.1039,3.1522
NSE,AEGISLOG,INE208C01025,EQ,2026-09-28,1308.1,1365.4,373930,496237253,25056,1332.08,1329.192,,966444.4,0.3869,1528.7,1528.7,1528.7,1180,1180,1164.4,1528.7,747.55,-14.4306,74.985,1.4503,-3.0391,54.5576,5.4583,5.1231,-1.8002,-1.5868,,-0.1305,3.1387
BSE,AEGISVOPAK,INE0INX01018,A,2026-09-28,298.4,287.5,152810,45100909,3057,293.9225,286.504,,151869.95,1.0062,321.35,321.35,321.35,261,257.05,256.35,321.35,183.5,-7.1417,62.6158,10.4776,9.9687,57.0108,5.0627,7.2893,1.5234,4.1521,,6.5323,5.0223
NSE,AEGISVOPAK,INE0INX01018,EQ,2026-09-28,298.55,287.5,2120065,628404889.9,39502,293.9675,286.5142,,2007464.55,1.0561,320.95,320.95,320.95,260.7,258.3,256.55,320.95,182.5,-6.9793,63.589,10.615,10.0686,56.6465,5.1236,7.5112,1.5588,4.2008,,6.5109,5.0294
BSE,AEIM,INE072B01027,X,2026-09-28,71.57,74.08,36573,2634608,393,78.5015,85.1436,,60262.85,0.6069,88.8,104,104,68,68,68,119,68,-39.8571,5.25,-17.8678,-24.1843,35.1096,8.6758,6.3239,-8.8298,-15.942,,-12.0407,-8.703
BSE,AEL,INE829P01020,X,2026-09-28,114.9,119.25,8142,942705,119,115.4125,112.614,,9804.7,0.8304,122.8,122.8,129.9,103.15,103.15,103.15,134,103.15,-14.2537,11.3912,5.3162,2.7269,52.4217,4.737,7.0796,-0.4441,2.0299,,4.2452,-1.6549
BSE,AEONXDIGI,INE994D01010,X,2026-09-28,106.75,113.3,2268,244209,31,111.31,114.169,,2375.4,0.9548,121,130,132.65,100.95,100.95,100.95,132.65,100.95,-19.5251,5.7454,-5.7811,-11.8133,48.5089,7.4741,9.4384,-4.0967,-6.4983,,-2.3125,-1.6505
BSE,AEPL,INE757T01025,B,2026-09-28,15.27,15.84,1529,24038,50,16.4175,15.5826,,12978.75,0.1178,18.49,18.49,18.49,14.82,13.06,13.06,18.49,13.06,-17.4148,16.9219,1.8,-3.9018,30.5215,7.4797,9.787,-6.9895,-2.0061,,8.7432,-0.367
NSE,AEPL,INE757T01025,EQ,2026-09-28,15.14,15.9,21433,331105.28,211,16.4,15.5822,,129010.45,0.1661,18.5,18.5,18.5,14.66,13.3,13.3,18.5,13.3,-18.1622,13.8346,-1.5605,-7.0595,25.2577,7.7751,9.0668,-7.6829,-2.8379,,8.6632,-0.5121
BSE,AEQUS,INE947N01017,B,2026-09-28,259.95,246.2,6163806,1607616770,64880,237.495,240.373,,545702.45,11.2952,274.05,274.05,274.6,213.5,213.5,213.5,274.6,173.5,-5.335,49.8271,5.6278,13.7886,73.8772,3.9774,10.9739,9.4549,8.1444,,-4.2513,-0.0599
NSE,AEQUS,INE947N01017,EQ,2026-09-28,260.1,246.05,33667541,8753884797.66,337473,237.48,240.377,,3904016.55,8.6238,274,274,274.39,213.41,213.41,213.41,274.39,173.6,-5.2079,49.8272,5.736,13.8891,73.8113,4.01,10.9491,9.525,8.205,,-4.2821,-0.0597
BSE,AEROENTER,INE065D01027,B,2026-09-28,121.75,125.65,17079,2086015,325,132.7,130.376,,79774.6,0.2141,159.2,159.2,159.2,108,108,108,159.2,97.5,-23.5239,24.8718,-16.8374,3.4849,26.6003,7.0695,2.2718,-8.2517,-6.6162,,0.0377,0.8389
NSE,AEROENTER,INE065D01027,EQ,2026-09-28,121.66,125.64,258602,31522236.94,4257,132.737,130.3878,,1072335.15,0.2412,159.6,159.6,159.6,108,108,108,159.6,95.25,-23.7719,27.727,-16.8364,3.5757,26.5494,7.5756,4.0152,-8.3451,-6.6937,,0.0354,0.8433
BSE,AEROFLEX,INE024001021,B,2026-09-28,513.15,524.9,54570,28063762,1627,531.675,485.751,,98109,0.5562,583.7,583.7,583.7,456.75,402.5,396.8,583.7,392.7,-12.0867,30.6723,-5.4014,25.2043,36.9946,5.4328,3.2017,-3.4843,5.6405,,13.0267,7.2163
NSE,AEROFLEX,INE024001021,EQ,2026-09-28,513.4,525.7,752491,387396138.2,23270,531.7625,485.772,,1388912.75,0.5418,584.15,584.15,584.15,456.85,402.3,396.1,584.15,392.3,-12.1116,30.8692,-5.2942,25.0365,37.1223,5.5011,3.2959,-3.4531,5.6874,,13.0381,7.2333
BSE,AERONEU,INE035801013,B,2026-09-28,75.94,80.82,2880,219636,114,73.3265,80.2778,,3491.05,0.825,94.47,98.7,98.7,63.01,63.01,63.01,105,63.01,-27.6762,20.5206,-7.1865,-16.6868,47.8491,7.2595,12.7703,3.5642,-5.4035,,-12.759,-8.2554
NSE,AERONEU,INE035801013,EQ,2026-09-28,75.18,80.22,30253,2288657.47,894,73.042,80.054,,59402.4,0.5093,94,94,94,63.72,63.72,63.72,105.5,63.72,-28.7393,17.9849,-6.8171,-15.9624,47.0456,7.4469,9.6027,2.9271,-6.0884,,-12.8658,-8.315
BSE,AEROPLANE,INE05TO01019,B,2026-09-28,201.2,209.1,39784,8158066,722,196.5425,190.574,,81474.55,0.4883,212.35,212.35,212.35,171.65,170,162.3,212.35,117.15,-5.2508,71.7456,14.5134,8.2302,53.0055,4.766,6.4411,2.3697,5.5758,,5.9443,9.3173
NSE,AEROPLANE,INE05TO01019,EQ,2026-09-28,201.09,209.47,462373,94159405.83,6530,196.683,190.6924,,854069.4,0.5414,212.07,212.07,212.07,172,170.05,163,212.07,117.2,-5.1775,71.5785,15.0269,8.6327,52.7991,4.7243,6.035,2.2407,5.4526,,5.978,9.3273
BSE,AERPACE,INE175N01023,XT,2026-09-28,38.22,37.48,167857,6415494,124,38.086,35.5804,,378030.95,0.444,42.44,42.44,42.44,34.73,29.58,28,42.44,21.11,-9.9434,81.0516,-0.7273,20.8347,44.5213,1.9156,0,0.3518,7.4187,,12.5556,7.9981
BSE,AETHER,INE0BWX01014,A,2026-09-28,1735.25,1768.1,26154,45436701,2186,1650.9025,1601.863,,16649.9,1.5708,1796.8,1796.8,1796.8,1554.3,1400.6,1301,1796.8,1094.75,-3.4255,58.5065,2.266,17.4967,63.4702,3.6329,4.8239,5.1092,8.327,,1.9938,7.3964
NSE,AETHER,INE0BWX01014,EQ,2026-09-28,1739.2,1767,318334,551713136.4,30450,1650.66,1601.584,,275351.65,1.1561,1798,1798,1798,1552.7,1400.2,1305,1798,1086,-3.2703,60.1473,2.4988,17.8879,64.0328,3.7053,4.7038,5.3639,8.5925,,1.9744,7.3774
BSE,AFCOM,INE0OXY01013,M,2026-09-28,1454.65,1442,57720,84440016,361,1515.6575,1487.199,,84342,0.6844,1711,1711,1711,1289.95,1289.95,1280.25,1711,858,-14.9825,69.5396,-8.8594,2.1739,34.5024,5.3002,2.8413,-4.0252,-2.1886,,-0.0328,5.5575
BSE,AFCONS,INE101I01011,A,2026-09-28,250.5,252.4,84744,21288308,917,269.4975,275.239,,313564.95,0.2703,304.7,304.7,315.85,225.6,225.6,225.6,346.3,225.6,-27.6639,11.0372,-12.6873,-16.4164,24.8378,6.4927,3.6708,-7.0492,-8.9882,,-2.5951,-5.1466
NSE,AFCONS,INE101I01011,EQ,2026-09-28,251.65,252.5,783149,196468938.7,11591,269.52,275.281,,2918827.65,0.2683,304.55,304.55,315.1,225.35,225.35,225.35,346.5,225.35,-27.3737,11.6707,-12.21,-16.0467,25.1049,6.6334,4.1162,-6.6303,-8.5843,,-2.6371,-5.138
BSE,AFEL,INE663P01015,Z,2026-09-28,1.84,1.93,12,22,3,1.7725,1.7986,,20545.55,0.0006,1.93,2.33,2.33,1.6,1.55,1.55,2.33,1.55,-21.03,18.7097,0,5.1429,58.1818,6.5217,2.7174,3.8082,2.3018,,-6.1176,1.2953
BSE,AFFLE,INE00WC01027,A,2026-09-28,1548.05,1577.1,5596,8676752,845,1575.43,1610.351,,40815.25,0.1371,1652.45,1780.9,1780.9,1489,1420,1420,1780.9,1391.8,-13.0748,11.2265,-4.4119,1.0312,33.3259,2.7214,2.0142,-1.7379,-3.8688,,-6.1349,2.65
NSE,AFFLE,INE00WC01027,EQ,2026-09-28,1548.4,1578,100507,155918479.5,14898,1575.495,1610.31,,384616.15,0.2613,1654.5,1748.2,1748.2,1489.2,1419.1,1419.1,1748.2,1390.5,-11.4289,11.3556,-4.4316,1.0375,33.9347,2.8006,2.0997,-1.7198,-3.8446,,-6.1227,2.6339
BSE,AFFORDABLE,INE692Z01013,B,2026-09-28,172.9,178.2,10398,1799066,81,165.5625,174.442,,5129.4,2.0271,184.55,204,215,153.8,153.8,153.8,215,153.8,-19.5814,12.4187,4.2508,-14.7856,65.13,5.0297,8.5588,4.4319,-0.884,,-6.7556,-2.9082
NSE,AFFORDABLE,INE692Z01013,EQ,2026-09-28,170.74,178.25,16239,2803436.12,540,165.209,173.9042,,22471.85,0.7226,183.38,201.51,213.1,153.61,153.61,153.61,213.1,153.61,-19.878,11.1516,3.2847,-15.2697,61.9132,5.5126,5.1026,3.3479,-1.8195,,-6.6004,-2.93
BSE,AFIL,INE916Y01027,B,2026-09-28,7.83,8.08,39087,308606,263,8.76,9.1736,,33336.25,1.1725,9.8,10.7,10.7,7.64,7.64,7.64,11.28,7.64,-30.5851,2.4869,-16.4354,-15.7158,20.2703,6.5134,3.5897,-10.6164,-14.6464,,-7.668,-5.3605
NSE,AFIL,INE916Y01027,EQ,2026-09-28,7.89,8.04,419547,3324943.95,830,8.751,9.174,,463939.6,0.9043,9.7,10.73,10.73,7.65,7.65,7.65,11.1,7.65,-28.9189,3.1373,-16.0638,-16.153,17.9487,6.0927,7.3548,-9.8389,-13.9961,,-7.8988,-5.3485
BSE,AFLTD,INE18HI01019,MT,2026-09-28,96,100.9,39000,3741480,8,79.2125,66.123,,34500,1.1304,104.7,104.7,104.7,52.25,51.77,50,104.7,42.6,-8.3095,125.3521,74.5455,60.2939,85.7727,6.4911,0.146,21.193,45.184,,38.4181,19.5161
BSE,AFSL,INE00ZE01026,B,2026-09-28,201,201.05,285,57311,13,203.29,203.357,,594.1,0.4797,230,238,238,201,196.3,196.3,238,196.3,-15.5462,2.3943,-5.3227,0,37.5315,1.9758,0.8458,-1.1265,-1.159,,-0.5333,0.4073
NSE,AFSL,INE00ZE01026,EQ,2026-09-28,201,201,5494,1104697.97,78,203.2335,203.0714,,7431,0.7393,217.9,223,223,201,201,201,223,200,-9.8655,0.5,-5.1529,-0.6131,40.368,1.2289,0.8458,-1.099,-1.02,,-0.3225,0.394
BSE,AGARIND,INE204E01012,B,2026-09-28,394.6,398.15,849,334680,113,425.135,468.194,,3135.7,0.2708,469.55,550,550,390,390,390,609.3,390,-35.2372,1.1795,-15.6477,-20.4516,18.2461,3.1976,2.0897,-7.1824,-15.7187,,-14.6165,-8.3073
NSE,AGARIND,INE204E01012,EQ,2026-09-28,397.15,397.9,25149,9921174.75,1325,425.295,468.271,,41929.35,0.5998,470,551.25,551.25,389.55,389.55,389.55,609.9,389.55,-34.8828,1.951,-14.6465,-19.8325,20.3716,3.6393,2.6826,-6.6178,-15.188,,-14.5561,-8.2579
BSE,AGARWAL,INE510B01018,X,2026-09-22,18.95,18.85,500,9475,1,19.254,,,258.95,1.9309,21.02,,,17.99,,,24,17.99,-21.0417,5.3363,-9.3301,,43.1193,3.0494,0,-1.5789,,,-5.8139,
BSE,AGARWALEYE,INE943P01029,A,2026-09-28,504.5,499.8,8695,4327319,442,505.8425,503.11,,17783.45,0.4889,528.75,567.3,567.3,484.55,470.35,462.45,567.3,436.65,-11.07,15.5388,-0.6303,3.2331,39.0428,2.7474,3.6412,-0.2654,0.2763,,-0.9526,1.9882
NSE,AGARWALEYE,INE943P01029,EQ,2026-09-28,503.6,500,341212,170280128.4,18399,506.08,503.271,,373733.1,0.913,528.8,567.75,567.75,484.15,470,463,567.75,437,-11.299,15.2403,-0.8271,3.6427,36.6697,2.875,3.6529,-0.49,0.0654,,-0.925,2.0358
NSE,AGASTYAEN,INE753W01010,BE,2026-09-28,70.98,72.42,84532,6000081.36,137,66.0325,61.5914,,190003.7,0.4449,76.89,76.89,76.89,55.85,45.97,45.97,76.89,30.96,-7.6863,129.2636,33.1458,27.0904,76.9231,2.074,0,7.4925,15.2434,,16.0348,14.4311
BSE,AGI,INE415A01038,B,2026-09-28,803.7,803.9,12636,10234426,693,774.985,737.08,,14111.3,0.8955,850,850,850,704.2,657.4,657.4,850,588.3,-5.4471,36.614,3.7568,15.5572,61.8798,4.4926,5.3694,3.7052,9.0384,,7.3907,4.1085
NSE,AGI,INE415A01038,EQ,2026-09-28,804.8,803.35,141280,114812298.15,12669,775.1525,737.174,,233785.7,0.6043,851,851,851,701.5,657.5,657.5,851,586.8,-5.4289,37.1506,3.872,15.599,61.4688,4.6831,5.5847,3.8247,9.1737,,7.4046,4.1021
BSE,AGIIL,INE976R01033,B,2026-09-28,270.8,264.8,72659,19574785,1076,273.755,291.284,,34449.95,2.1091,302.45,339.95,364.75,256.3,256.3,256.3,393.5,256.3,-31.1817,5.6574,-6.2002,-19.8461,45.1099,4.6938,7.6863,-1.0794,-7.0323,,-7.7583,-9.753
NSE,AGIIL,INE976R01033,EQ,2026-09-28,271.6,264.55,3175307,858694307.65,32802,273.775,291.284,,1740066.9,1.8248,302.65,340.2,365,255.8,255.8,255.8,394,255.8,-31.066,6.1767,-6.0533,-19.5021,45.7666,4.9745,7.393,-0.7944,-6.7577,,-7.7414,-9.7384
BSE,AGIOPAPER,INE112C01011,X,2026-09-28,3.7,3.7,2,7,1,3.8765,3.677,,954.85,0.0021,4.19,4.19,4.19,3.51,3.21,3.21,4.19,3.21,-11.6945,15.2648,-4.8843,2.7778,39.1813,5.9459,0,-4.5531,0.6255,,10.0341,0.8447
BSE,AGL,INE1YPB01014,B,2026-09-28,13.2,13.75,181951,2416643,722,14.151,13.699,,353375.8,0.5149,16.35,16.35,18.96,13.15,12.03,12.01,22,12.01,-40,9.9084,-6.25,5.0955,47.1429,6.2067,3.8023,-6.7204,-3.6426,,2.5955,
NSE,AGL,INE1YPB01014,EQ,2026-09-28,13.21,13.73,1258673,16715178.8,3414,14.142,13.692,,5191564.7,0.2424,16.38,16.38,19.86,13.12,12.1,12.03,22,12.03,-39.9545,9.8088,-5.8446,4.9245,47.0113,6.5264,4.3445,-6.5903,-3.5203,,2.6084,
BSE,AGOL,INE05FR01029,B,2026-09-28,4.15,4.14,497800,2065384,1084,4.2735,4.0622,,1030394.1,0.4831,4.95,4.95,4.95,3.71,3.62,3.62,4.95,3.62,-16.1616,14.6409,3.4913,4.534,53.4562,9.4492,4.9383,-2.8899,2.1614,,7.6991,2.4566
BSE,AGRIBIO,INE679E01015,X,2026-09-28,312.7,309.2,14053,4387430,70,320.9475,320.525,,8847.6,1.5883,343,343,343,307.1,307.1,296,343,278,-8.8338,12.482,-4.4023,-2.9033,36.246,3.8535,7.4406,-2.5697,-2.4413,,-0.0343,1.9569
BSE,AGRITECH,INE449G01018,B,2026-09-28,94.2,95.45,408,38999,18,98.8525,104.224,,184.9,2.2066,107.8,116.5,117.45,93,93,93,154.6,93,-39.0686,1.2903,-8.6324,-19.1416,33.3333,2.4416,6.1571,-4.7065,-9.6177,,-6.7231,-5.935
NSE,AGRITECH,INE449G01018,EQ,2026-09-28,93.99,96.03,3768,360126.76,138,98.6515,103.8624,,2718.45,1.3861,108.04,115.4,119.9,93,93,93,154.88,93,-39.3143,1.0645,-8.6589,-14.5545,31.3953,4.7991,6.3441,-4.7252,-9.5053,,-6.6609,-5.5077
NSE,AGROPHOS,INE740V01019,EQ,2026-09-28,23.95,24.2,6408,153169.9,92,24.1985,26.4246,,32391.45,0.1978,27.3,30.25,30.8,21,21,21,33.9,21,-29.351,14.0476,-9.0737,-18.8136,43.4191,6.609,4.6983,-1.0269,-9.3648,,-11.2259,-8.5508
BSE,AGSTRA,INE583L01014,Z,2026-09-28,2.52,2.4,9387,23655,25,2.05,2.1512,,57699.65,0.1627,2.52,2.98,,1.86,1.86,,2.98,1.86,-15.4362,35.4839,25.3731,,80.6452,4.4218,0,22.9268,17.1439,,0.4656,
BSE,AGVENTURES,INE321D01016,X,2026-09-28,119.55,123.15,3122,376806,133,128.2825,126.099,,9532.6,0.3275,145,150,150,118.05,108,108,150,108,-20.3,10.6944,-5.3069,5.0066,36.1538,5.6163,3.8655,-6.8072,-5.1935,,-1.7557,3.0675
BSE,AHASOLAR,INE0NEV01011,M,2026-09-25,70,70,800,56000,1,72.9525,75.4116,,2220,0.3604,84,94.95,94.95,67,63,63,94.95,63,-26.277,11.1111,-4.1752,-7.9069,39.7776,3.7276,0,-4.0472,-7.1761,,-6.3799,
BSE,AHCL,INE0Y8W01025,B,2026-09-28,34.77,31.61,5564683,190811790,6690,21.3785,17.4638,,3693333.65,1.5067,34.77,34.77,34.77,15.31,13.98,13.98,34.77,13.68,0,154.1667,118.4045,135.8887,95.2582,7.4736,7.8474,62.64,99.0976,,45.4963,15.0478
NSE,AHCL,INE0Y8W01025,EQ,2026-09-28,34.66,31.51,23572265,799470839.85,28263,21.3615,17.4534,,54504148.9,0.4325,34.66,34.66,34.66,15.32,13.81,13.81,34.66,13.56,0,155.6047,117.8504,135.3021,94.5632,7.6704,7.5062,62.2545,98.5859,,45.4549,15.0263
NSE,AHLADA,INE00PV01013,EQ,2026-09-28,38.57,39.16,2238,85583.44,103,37.2545,37.7108,,13972.25,0.1602,42,43.71,43.71,32.7,32.7,32.7,43.71,32.7,-11.7593,17.9511,1.34,1.0215,57.3322,7.3336,6.0453,3.5311,2.2784,,-2.7843,-1.8183
BSE,AHLEAST,INE926K01017,B,2026-09-28,137.85,137.85,100,13785,5,138.755,142.156,,287.85,0.3474,150,159.85,159.85,130.55,130.55,130.55,161.45,130.55,-14.6175,5.5917,-2.3033,-4.2376,48.1943,4.8396,0,-0.6522,-3.0291,,-3.6424,-3.2103
NSE,AHLEAST,INE926K01017,EQ,2026-09-28,136.14,137.42,104,14334.53,14,136.4675,140.255,,2521.05,0.0413,144.2,159,159,132.01,132.01,132.01,161.8,132.01,-15.8591,3.1286,-2.2825,-7.5889,51.1299,2.9591,3.3284,-0.24,-2.9339,,-3.2252,-2.6567
BSE,AHLUCONT,INE758C01029,A,2026-09-28,570.2,586.25,3093,1773291,251,590.455,702.873,,10121.3,0.3056,649.9,856.85,881.5,560,560,560,883.45,560,-35.4576,1.8214,-10.8017,-33.1888,39.2415,3.1336,3.3254,-3.4304,-18.8758,,-21.6805,-12.8714
NSE,AHLUCONT,INE758C01029,EQ,2026-09-28,572.4,585.55,27918,16044139,3122,590.67,703.218,,68163.75,0.4096,648,862,885,559.1,559.1,559.1,885,559.1,-35.322,2.3788,-10.716,-32.9153,38.8713,3.3942,3.836,-3.0931,-18.6028,,-21.6911,-12.8564
BSE,AHLWEST,INE915K01010,T,2026-09-28,530.1,530.1,2,1060,1,512.1975,,,181.2,0.011,586.95,,,399.65,,,586.95,284.15,-9.6857,86.5564,39.2618,,53.9361,4.4439,0,3.4952,,,,
NSE,AHLWEST,INE915K01010,BE,2026-09-28,520.05,520.3,155,80594.05,11,528.44,538.659,,841.3,0.1842,560,577.5,610,487,487,487,664.45,487,-21.7323,6.7864,-0.7538,-9.3753,46.0625,4.935,2.8058,-1.5877,-3.4547,,-1.8112,-4.3859
BSE,AHMDSTE,INE868C01018,X,2026-09-28,156.85,169.4,223,34998,17,164.705,168.65,,1369.1,0.1629,177.25,194.95,238.4,152.95,152.95,152.95,238.4,145.55,-34.2072,7.7637,-9.5183,-14.3598,46.7523,7.999,5.3001,-4.7691,-6.9967,,-4.6184,-5.6493
BSE,AIAENG,INE212H01026,A,2026-09-28,3837.35,3920.55,1851,7150260,513,4060.535,4341.125,,20843.65,0.0888,4318.4,4886.95,4910.35,3773.45,3773.45,3773.45,5175,3773.45,-25.8483,1.6934,-9.3864,-17.4097,29.3195,2.8345,2.5882,-5.4964,-11.6047,,-9.4445,-6.3926
NSE,AIAENG,INE212H01026,EQ,2026-09-28,3841.4,3919.4,31144,119925071.7,11851,4062.12,4342.382,,64865.35,0.4801,4320,4885.9,4912.5,3778,3778,3778,5180,3778,-25.8417,1.6781,-9.2768,-17.3448,28.768,3.1062,3.034,-5.4336,-11.537,,-9.4396,-6.3833
BSE,AICHAMP,INE768E01024,X,2026-09-28,18.64,19.34,3748,69715,30,19.2015,27.9696,,8301.75,0.4515,23.25,39.9,39.9,17.85,17.85,17.85,41.4,17.85,-54.9758,4.4258,-15.8465,-48.2222,49.4118,7.3574,5.0516,-2.9243,-33.3562,,-40.9339,-19.4466
BSE,AIHL,INE342U01016,X,2026-09-28,29.96,28.69,505,15129,3,32.151,32.836,,1581.35,0.3193,38.75,40.03,40.03,26.1,26.1,26.1,40.77,26.1,-26.5146,14.7893,-14.3755,-0.8275,30.7243,6.1391,0,-6.8147,-8.7587,,-8.1662,
BSE,AIIL,INE206F01022,A,2026-09-28,548.1,559.4,6811,3748022,559,536.73,549.033,,96934.95,0.0703,578.1,607.15,607.15,503.05,503.05,498.85,607.15,444.7,-9.7258,23.2516,1.0975,-4.0609,59.9171,3.6594,3.2011,2.1184,-0.1699,,-4.5181,0.9475
NSE,AIIL,INE206F01022,EQ,2026-09-28,548.25,559.6,112054,61482136,8682,536.5275,549.05,,628504.3,0.1783,579,607.7,607.7,503,503,498.55,607.7,445,-9.7828,23.2022,0.4305,-3.9842,60.2273,3.7659,2.8342,2.1849,-0.1457,,-4.633,0.938
BSE,AIKPIPES,INE0QFT01015,M,2026-09-24,27,26.17,3200,86400,4,28.9195,26.606,,2360,1.3559,33.3,33.3,33.3,24,19.8,19.8,33.3,19.8,-18.9189,36.3636,-0.9174,23.8532,49.8,5.7275,0,-6.6374,1.4809,,8.7956,
BSE,AIMCOPEST,INE008B01013,X,2026-09-28,41.72,43.57,12704,533174,102,46.1485,47.7684,,3915.8,3.2443,48.74,57.9,57.9,40.16,40.16,40.16,61,40.16,-31.6066,3.8845,-12.6831,-20.6995,31.3307,5.4427,9.0637,-9.5962,-12.6619,,-3.1562,-5.4739
BSE,AIML,INE123D01024,XT,2026-09-28,3.21,3.27,124811,401398,104,2.8085,2.5348,,333388.4,0.3744,3.45,3.45,3.45,2.3,1.92,1.84,3.52,1.59,-8.8068,101.8868,38.3621,59.7015,76.2295,4.0276,1.2461,14.2959,26.6372,,14.6327,4.5623
BSE,AIRAN,INE645W01026,B,2026-09-28,17,17.03,9110,154373,48,16.35,15.5756,,22308.8,0.4084,18.96,18.96,18.96,14.5,14.11,14.11,20.04,14.11,-15.1697,20.4819,14.4781,10.8214,56.982,6.8613,4.3822,3.9755,9.1451,,8.8512,0.9161
NSE,AIRAN,INE645W01026,EQ,2026-09-28,16.69,17.03,93046,1552890.73,354,16.3305,15.5792,,155821.65,0.5971,18.05,18.05,18.05,14.5,14.18,14.18,18.05,14.18,-7.5346,17.701,10.603,8.6589,52.1008,7.053,3.9927,2.2014,7.13,,8.5227,0.9447
BSE,AIRFLOA,INE0XBS01012,M,2026-09-28,534.85,563.55,184000,99479750,275,529.2275,424.882,,134275,1.3703,593.85,593.85,593.85,453.05,304,291.2,593.85,291.2,-9.9352,83.671,14.3697,54.5809,54.5628,7.2984,3.9459,1.0624,25.882,,43.2338,24.5426
NSE,AIROLAM,INE801L01010,EQ,2026-09-28,88.79,92.29,1389,125492.11,119,87.53,88.1132,,3711.4,0.3743,97,97,97,83.53,83.53,83.53,111.78,78,-20.5672,13.8333,-0.1013,-2.2352,54.1734,5.6208,10.7812,1.4395,0.7681,,-1.9398,-1.5389
BSE,AJANTPHARM,INE031B01049,A,2026-09-28,3530.6,3548.7,10999,38855516,3607,3529.6925,3528.176,,3786.3,2.9049,3660.85,3796.95,3796.95,3423.55,3310,3256.05,3796.95,2885,-7.0148,22.3778,-0.798,3.3306,52.1671,2.1207,1.3742,0.0257,0.0687,,-1.2468,2.3939
NSE,AJANTPHARM,INE031B01049,EQ,2026-09-28,3525.2,3547.8,97333,344095035.4,20196,3529.02,3528.108,,79827.15,1.2193,3666,3796,3796,3425,3301,3254.8,3796,2885,-7.1338,22.1906,-0.894,3.0941,51.4987,2.1717,1.5402,-0.1082,-0.0824,,-1.2665,2.3774
BSE,AJANTSOY,INE601B01023,X,2026-09-28,22.98,22.13,68165,1553722,161,22.9455,22.686,,30610.65,2.2268,24.01,25.4,25.4,21.16,20,20,25.4,20,-9.5276,14.9,-3.2421,6.7844,43.1416,3.6771,3.6804,0.1504,1.296,,-0.6473,1.6106
BSE,AJAXENGG,INE274Y01021,B,2026-09-28,590.2,607.55,421630,247219110,1087,578.31,576.179,,27578.35,15.2884,620,620,625,555.55,546.45,512.75,625,512.75,-5.568,15.1048,3.245,-0.8567,48.5691,3.7596,5.5423,2.056,2.4334,,0.8115,1.4741
NSE,AJAXENGG,INE274Y01021,EQ,2026-09-28,589.9,607.75,174202,103402383.9,9873,578.6725,576.542,,166063.75,1.049,619.9,620.45,625.05,554,545.5,512.05,625.05,512.05,-5.6236,15.2036,3.2919,-0.8071,47.5294,3.8657,5.6135,1.9402,2.3169,,0.8158,1.4928
BSE,AJCJEWEL,INE0XRR01010,MT,2026-09-28,398,379.05,4800,1910400,4,276.0375,193.1694,,8520,0.5634,398,398,398,181.5,103.65,87,398,87,0,357.4713,119.5256,296.7305,92.4565,4.3198,0,44.1833,106.0368,,83.4258,
BSE,AJCON,INE759C01027,X,2026-09-28,5.67,5.5,2783,16101,23,5.972,5.9426,,5069.7,0.5489,6.78,6.97,6.97,5.4,5.4,4.9,6.97,4.9,-18.6514,15.7143,-14.9925,-2.7444,43.4307,8.4278,3.8938,-5.0569,-4.5872,,-0.7231,-0.2819
BSE,AJMERA,INE298G01035,B,2026-09-28,119.7,120.85,27867,3312983,337,117.3175,120.074,,24500,1.1374,122.9,132,137.65,109.05,109.05,109.05,144.85,109.05,-17.3628,9.7662,2.0026,-5.4502,57.4468,3.3536,3.0264,2.0308,-0.3115,,-2.2375,-4.8979
NSE,AJMERA,INE298G01035,EQ,2026-09-28,119.62,120.82,289904,34594940.25,3136,117.335,120.0952,,326064.6,0.8891,122.99,131.83,138,109.33,109.33,109.33,146,109.33,-18.0685,9.4119,1.8823,-5.6625,56.0677,3.5016,2.4576,1.9474,-0.3957,,-2.1927,-4.9133
NSE,AJOONI,INE820Y01021,EQ,2026-09-28,3.14,3.19,133408,423491.17,398,3.427,3.708,,392959.8,0.3395,3.92,4.3,4.39,3.02,3.02,3.02,4.39,3.02,-28.4738,3.9735,-17.801,-24.1546,26.6667,4.9818,2.8754,-8.3747,-15.3182,,-10.4169,-3.7633
BSE,AJWAFUN,INE863E01015,P,2026-09-25,38.43,36.6,100,3843,1,40.018,,,255,0.3922,46.04,,,33.6,,,46.04,31,-16.5291,23.9677,20.0938,,44.7912,4.6206,0,-3.9682,,,,
NSE,AKASH,INE737W01013,EQ,2026-09-28,25.02,25.04,1163,29200.99,11,24.8615,25.5362,,3697.05,0.3146,26,28,28,23.56,23.56,23.56,29.49,23.56,-15.1577,6.1969,2.7094,-7.4704,41.769,3.56,3.16,0.6375,-2.0214,,-2.6032,-2.9529
BSE,AKCAPIT,INE701G01012,B,2026-09-28,1755,1750,874,1532832,93,1733.35,1735.667,,734.85,1.1894,1776.95,1849,1871,1651,1626.3,1626.3,1950,1626.3,-10,7.9137,4.4643,-1.3158,54.2322,2.0718,0.5829,1.249,1.1139,,-0.0249,-0.7904
NSE,AKCAPIT,INE701G01012,EQ,2026-09-28,1758,1754,1355,2376349.7,145,1733.55,1736.164,,1171.75,1.1564,1779,1847.9,1875,1666.9,1621.4,1621.4,1875,1621.4,-6.24,8.4248,2.9214,-1.3247,54.6244,2.6296,1.1063,1.4104,1.2577,,-0.0234,-0.7914
NSE,AKG,INE00Y801016,EQ,2026-09-28,9.76,9.59,7832,76951.13,62,9.9225,9.533,,24242.95,0.3231,10.92,10.92,11.4,8.76,8.06,8.06,11.8,8.06,-17.2881,21.0918,6.5502,-1.5136,55.8642,6.8721,3.7539,-1.6377,2.3812,,10.3358,-3.4535
BSE,AKI,INE642Z01026,T,2026-09-28,6.3,6.52,24195,152571,73,6.2855,5.0792,,140428.7,0.1723,8.39,8.39,8.39,3.85,3.85,3.85,8.39,3.85,-24.9106,63.6364,51.8072,39.3805,29.2683,7.3469,10.1613,0.2307,24.0353,,48.2954,13.9089
NSE,AKI,INE642Z01026,BE,2026-09-28,6.3,6.63,88551,560596.4,320,6.2575,5.0584,,614833.65,0.144,8.34,8.34,8.34,3.95,3.95,3.95,8.34,3.95,-24.4604,59.4937,52.5424,40.9396,30.6604,7.4036,3.9683,0.6792,24.5453,,48.2996,13.7793
BSE,AKSHAR,INE256Z01025,B,2026-09-28,0.41,0.4,43683,17987,42,0.417,0.4178,,215700.45,0.2025,0.45,0.48,0.5,0.4,0.39,0.39,0.5,0.39,-18,5.1282,-4.6512,-4.6512,45.4545,4.1812,5,-1.6787,-1.8669,,-0.5959,-2.3375
NSE,AKSHAR,INE256Z01025,EQ,2026-09-28,0.41,0.41,865760,360659.33,222,0.4135,0.4124,,1042638.5,0.8304,0.44,0.47,0.47,0.4,0.39,0.39,0.47,0.39,-12.766,5.1282,-2.381,-2.381,40,3.6585,2.439,-0.8464,-0.582,,0.2424,-2.3212
BSE,AKSHARCHEM,INE542B01011,T,2026-09-28,393.3,391.35,81,31517,13,406.5775,329.333,,3947.2,0.0205,471.65,471.65,471.65,345,215.25,215.25,471.65,197.2,-16.6119,99.4422,11.733,75.3846,30.2916,5.7544,5.25,-3.2657,19.4232,,36.3268,27.7866
NSE,AKSHARCHEM,INE542B01011,BE,2026-09-28,383.35,394.4,5038,1940628.8,149,405.24,330.4586,,19248.95,0.2617,472,472,472,363,223.25,219.7,472,200,-18.7818,91.675,9.8707,63.1277,31.2631,6.3826,5.3704,-5.4017,16.0055,,34.5854,25.5124
BSE,AKSHOPTFBR,INE523B01011,T,2026-09-28,7.1,7.05,28049,196595,118,7.7125,6.9614,,156632.8,0.1791,9.06,9.06,9.06,6.81,5.3,5.3,9.06,5.3,-21.6336,33.9623,0.2825,25,38.8379,6.7404,6.3142,-7.9417,1.991,,12.1247,6.1934
NSE,AKSHOPTFBR,INE523B01011,BE,2026-09-28,7.07,7.04,177979,1246194.6,468,7.695,6.9508,,446394.15,0.3987,9.01,9.01,9.01,6.78,5.34,5.34,9.01,5.34,-21.5316,32.397,-1.669,24.9117,39.1045,6.8398,6.0029,-8.1222,1.7149,,11.8622,6.3529
BSE,AKUMS,INE09XN01023,B,2026-09-28,800.2,819.05,8771,7077092,489,780.56,740.658,,15251.95,0.5751,839.25,839.25,839.25,730.1,654.75,620.9,839.25,538.1,-4.653,48.7084,3.5858,20.3127,61.8922,3.4549,2.8006,2.5161,8.0391,,6.5396,7.9047
NSE,AKUMS,INE09XN01023,EQ,2026-09-28,799.95,819.55,157385,126797428.2,11397,780.4225,740.693,,338217.25,0.4653,838.8,838.8,838.8,733.15,653.6,620,838.8,538.2,-4.6316,48.6343,3.54,20.3023,61.8524,3.6243,3.3835,2.5022,8.0002,,6.5147,7.8914
BSE,ALANKIT,INE914E01040,B,2026-09-28,7.72,7.86,17932,137937,149,7.932,7.9894,,18190.8,0.9858,8.38,8.6,8.6,7.49,7.49,7.49,8.94,7.49,-13.6465,3.0708,-5.0431,-2.2785,35.5705,5.5607,6.3576,-2.6727,-3.372,,-2.1586,-1.1384
NSE,ALANKIT,INE914E01040,EQ,2026-09-28,7.72,7.85,69117,536005.18,508,7.9205,7.9836,,114079.25,0.6059,8.55,8.9,8.9,7.36,7.36,7.36,8.9,7.36,-13.2584,4.8913,-5.0431,-2.0305,34.2857,5.4312,4.5932,-2.5314,-3.3018,,-2.1859,-1.1833
BSE,ALANSCOTT,INE273F01022,XT,2026-09-28,291,279.25,10033,2902848,43,265.955,308.079,,3730.6,2.6894,312,394,394,232.5,232.5,232.5,415,232.5,-29.8795,25.1613,-6.9544,-4.2763,64.2997,4.5533,3.9286,9.417,-5.5437,,-22.5688,-9.0093
BSE,ALBERTDAVD,INE155C01010,B,2026-09-28,849.35,871.6,102,86949,35,859.2675,806.291,,249.95,0.4081,925,925,925,797,677.25,677.25,925,677.25,-8.1784,25.4116,-5.5333,23.0764,47.5643,3.0368,1.9802,-1.1542,5.3404,,5.8664,8.3738
NSE,ALBERTDAVD,INE155C01010,EQ,2026-09-28,846.95,873.8,2950,2520623.3,363,858.455,806.226,,4244.75,0.695,931.85,931.85,931.85,831,678,678,931.85,678,-9.1109,24.9189,-5.7478,20.941,44.8738,2.9395,4.6877,-1.3402,5.0512,,5.7246,8.23
BSE,ALEMBICLTD,INE426A01027,B,2026-09-28,106.83,106.56,71978,7696702,960,104.738,95.9238,,187456.2,0.384,117.91,117.91,117.91,82.17,82.17,82.17,117.91,82.17,-9.397,30.011,6.67,20.6982,47.0455,5.349,3.1369,1.9974,11.3696,,15.9697,6.2759
NSE,ALEMBICLTD,INE426A01027,EQ,2026-09-28,106.91,106.53,828763,88697779.98,9615,104.7005,95.9178,,2827105.75,0.2931,117.72,117.72,117.72,96.95,83,83,117.72,83,-9.1828,28.8072,6.8673,20.9116,47.3973,3.9486,3.1479,2.1103,11.46,,15.948,6.2464
